,State,County,latitude,longitude
0,NY,Suffolk,40.81,-73.04
2,PR,Adjuntas,18.16,-66.72
4,PR,Aguadilla,18.43,-67.15
7,PR,Maricao,18.18,-66.98
10,PR,Arecibo,18.45,-66.73
14,PR,Barceloneta,18.45,-66.53
65,PR,Patillas,18,-66.01
70,PR,CanÃ³vanas,18.37,-65.9
88,PR,Santa Isabel,17.97,-66.4
104,PR,Aibonito,18.16,-66.23
150,PR,San Juan,18.4,-66.06
163,PR,Toa Baja,18.42,-66.19
164,PR,Toa Alta,18.39,-66.25
167,PR,BayamÃ³n,18.28,-66.13
173,PR,CataÃ±o,18.43,-66.11
175,PR,Guaynabo,18.38,-66.11
182,PR,Trujillo Alto,18.36,-66.01
185,PR,Carolina,18.4,-65.98
194,MA,Hampden,42.06,-72.61
195,MA,Hampshire,42.37,-72.52
198,MA,Worcester,42.42,-72.1
213,MA,Berkshire,42.17,-73.03
229,MA,Franklin,42.45,-72.5
360,MA,Middlesex,42.68,-71.81
495,MA,Essex,42.65,-71.14
577,MA,Plymouth,42.17,-70.88
578,MA,Norfolk,42.09,-71.47
585,MA,Bristol,42.02,-71.17
616,MA,Suffolk,42.35,-71.06
784,MA,Barnstable,41.75,-70.61
786,MA,Dukes,41.34,-70.74
797,MA,Nantucket,41.27,-70.1
900,RI,Newport,41.51,-71.16
901,RI,Providence,41.95,-71.45
902,RI,Washington,41.42,-71.78
903,RI,Bristol,41.73,-71.31
911,RI,Kent,41.68,-71.66
992,NH,Hillsborough,42.86,-71.61
993,NH,Rockingham,43,-71.34
1005,NH,Merrimack,43.1,-71.59
1041,NH,Grafton,43.95,-71.5
1044,NH,Belknap,43.33,-71.29
1052,NH,Carroll,43.83,-71.47
1094,NH,Sullivan,43.17,-72.09
1112,NH,Cheshire,42.95,-72.29
1141,NH,Coos,44.48,-71.25
1154,NH,CoÃ¶s,44.27,-71.3
1210,NH,Strafford,43.26,-71.11
1277,ME,York,43.26,-70.86
1290,ME,Cumberland,43.73,-69.99
1295,ME,Sagadahoc,44.01,-69.89
1297,ME,Oxford,43.93,-70.9
1381,ME,Androscoggin,44.08,-70.24
1392,ME,Franklin,44.62,-70.25
1414,ME,Kennebec,44.23,-70.01
1446,ME,Lincoln,44.27,-69.49
1459,ME,Waldo,44.4,-69.47
1467,ME,Penobscot,44.83,-68.78
1469,ME,Piscataquis,45.18,-69.45
1470,ME,Hancock,44.85,-68.32
1474,ME,Washington,45.52,-67.76
1501,ME,Aroostook,45.54,-68.2
1522,ME,Somerset,45.67,-69.74
1544,ME,Knox,43.98,-69.33
1765,VT,Windsor,43.65,-72.32
1770,VT,Orange,43.99,-72.12
1779,VT,Caledonia,44.19,-72.07
1819,VT,Windham,43.13,-72.45
1829,VT,Bennington,43.23,-72.89
1874,VT,Chittenden,44.48,-73.22
1883,VT,Grand Isle,44.97,-73.3
1884,VT,Franklin,44.78,-72.8
1885,VT,Lamoille,44.75,-72.68
1886,VT,Addison,44.13,-73.08
1937,VT,Washington,44.26,-72.57
1980,VT,Rutland,43.6,-72.97
2004,CT,Hartford,41.87,-72.67
2027,VT,Orleans,44.73,-72.38
2031,VT,Essex,44.43,-71.88
2086,CT,Litchfield,42.03,-73.33
2097,CT,Tolland,41.9,-72.46
2206,CT,Windham,41.71,-72.21
2224,CT,New London,41.66,-72.24
2289,CT,New Haven,41.34,-73.06
2291,CT,Fairfield,41.39,-73.31
2294,CT,Middlesex,41.34,-72.41
2471,NJ,Bergen,40.85,-74.08
2521,NJ,Middlesex,40.58,-74.27
2522,NJ,Hudson,40.66,-74.11
2523,NJ,Essex,40.81,-74.18
2525,NJ,Morris,40.9,-74.4
2531,NJ,Passaic,40.86,-74.15
2537,NJ,Union,40.65,-74.3
2573,NJ,Somerset,40.63,-74.51
2660,NJ,Sussex,41.11,-74.58
2760,NJ,Monmouth,40.34,-74.06
2813,NJ,Warren,40.91,-74.83
2822,NJ,Hunterdon,40.71,-74.83
2901,NJ,Salem,39.56,-75.34
2902,NJ,Camden,39.9,-74.99
2905,NJ,Ocean,39.75,-74.22
2910,NJ,Burlington,40.06,-74.92
2913,NJ,Gloucester,39.8,-75.34
2935,NJ,Atlantic,39.65,-74.77
3004,NJ,Cape May,39.09,-74.73
3040,NJ,Cumberland,39.42,-75.22
3094,NJ,Mercer,40.26,-74.52
3669,NY,New York,40.71,-73.99
3788,NY,Kings,40.64,-73.94
3835,NY,Richmond,40.58,-74.14
3849,NY,Bronx,40.84,-73.87
3876,NY,Westchester,41.29,-73.76
3883,NY,Putnam,41.39,-73.61
3969,NY,Rockland,41.11,-74.14
3970,NY,Orange,41.22,-74.18
4037,NY,Nassau,40.72,-73.7
4038,NY,Queens,40.72,-73.7
4387,NY,Albany,42.45,-74.03
4388,NY,Schenectady,42.85,-73.9
4390,NY,Montgomery,42.94,-74.19
4391,NY,Greene,42.26,-73.81
4393,NY,Columbia,42.32,-73.47
4394,NY,Rensselaer,42.63,-73.55
4395,NY,Saratoga,42.92,-73.84
4400,NY,Fulton,43.05,-74.19
4404,NY,Schoharie,42.74,-74.45
4424,NY,Washington,42.94,-73.39
4431,NY,Otsego,42.61,-74.67
4460,NY,Hamilton,43.55,-74.43
4503,NY,Delaware,42.4,-74.61
4592,NY,Ulster,41.93,-73.99
4675,NY,Dutchess,41.84,-73.55
4754,NY,Sullivan,41.65,-74.68
4815,NY,Warren,43.31,-73.64
4854,NY,Essex,43.78,-73.97
4882,NY,Clinton,44.69,-73.45
4888,NY,Franklin,44.93,-74.59
4896,NY,St Lawrence,44.28,-74.67
4956,NY,Onondaga,42.81,-76.07
4957,NY,Cayuga,42.93,-76.56
4962,NY,Oswego,43.29,-75.93
4964,NY,Madison,42.91,-76.75
4973,NY,Cortland,42.54,-75.89
4975,NY,Oneida,43.23,-75.88
4981,NY,Tompkins,42.49,-76.29
4990,NY,Seneca,42.81,-76.8
5032,NY,Chenango,42.65,-75.81
5045,NY,Wayne,43.24,-76.72
5098,NY,Lewis,43.87,-75.44
5115,NY,Herkimer,43.24,-75.03
5224,NY,Jefferson,43.97,-75.91
5267,NY,St. Lawrence,44.92,-74.72
5314,NY,Tioga,42.07,-76.16
5318,NY,Broome,42.1,-75.97
5410,NY,Erie,43.01,-78.49
5412,NY,Genesee,42.9,-78.26
5414,NY,Niagara,43.31,-78.63
5415,NY,Wyoming,42.53,-78.43
5427,NY,Allegany,42.47,-78.25
5439,NY,Cattaraugus,42.42,-78.98
5443,NY,Chautauqua,42.47,-79.33
5474,NY,Orleans,43.32,-78.38
5565,NY,Monroe,43.19,-77.86
5568,NY,Livingston,42.91,-77.74
5569,NY,Yates,42.75,-77.01
5575,NY,Ontario,42.88,-77.28
5641,NY,Steuben,42.53,-77.62
5799,NY,Schuyler,42.31,-76.72
5807,NY,Chemung,42.13,-76.93
5882,PA,Beaver,40.61,-80.25
5884,PA,Washington,40.39,-80.44
5886,PA,Allegheny,40.54,-79.83
5890,PA,Westmoreland,40.12,-79.86
6069,PA,Greene,39.82,-80.45
6125,PA,Fayette,39.89,-79.72
6127,PA,Somerset,39.74,-79.33
6153,PA,Monongalia,39.74,-79.81
6203,PA,Bedford,40.19,-78.62
6211,PA,Fulton,39.93,-78.21
6249,PA,Armstrong,40.52,-79.47
6299,PA,Indiana,40.48,-79.44
6319,PA,Jefferson,41.01,-78.96
6322,PA,Cambria,40.66,-78.78
6327,PA,Clearfield,40.81,-78.78
6382,PA,Elk,41.31,-78.33
6388,PA,Forest,41.32,-79.14
6391,PA,Cameron,41.34,-78.13
6458,PA,Butler,40.86,-79.89
6471,PA,Clarion,40.98,-79.61
6500,PA,Lawrence,40.99,-80.34
6506,PA,Crawford,41.5,-80.37
6509,PA,Mercer,41.28,-80.4
6527,PA,Mahoning,41.1,-80.5
6590,PA,Venango,41.42,-79.7
6592,PA,Warren,41.95,-79.3
6607,PA,McKean,41.73,-78.95
6639,PA,Erie,41.88,-80.36
6703,PA,Blair,40.5,-78.4
6706,PA,Huntingdon,40.55,-78.1
6759,PA,Centre,40.79,-78.21
6778,PA,Potter,41.63,-78.08
6780,PA,Mckean,41.89,-78.68
6807,PA,Clinton,41.07,-77.58
6859,PA,Tioga,41.74,-77.3
6860,PA,Bradford,41.7,-76.82
6893,PA,Cumberland,40.24,-76.92
6895,PA,Lebanon,40.33,-76.5
6896,PA,Mifflin,40.6,-77.72
6897,PA,Dauphin,40.6,-76.8
6898,PA,Perry,40.33,-77.51
6906,PA,Juniata,40.65,-77.1
6909,PA,Northumberland,40.65,-76.87
6911,PA,York,40.11,-77.03
6914,PA,Lancaster,40.15,-76.59
7013,PA,Franklin,39.93,-77.65
7066,PA,Adams,39.88,-76.98
7205,PA,Lycoming,41.23,-77.03
7218,PA,Sullivan,41.4,-76.58
7253,PA,Union,41.09,-76.9
7254,PA,Snyder,40.74,-77.22
7256,PA,Columbia,41.19,-76.38
7259,PA,Montour,40.96,-76.61
7313,PA,Schuylkill,40.67,-76.2
7361,PA,Lehigh,40.66,-75.55
7364,PA,Northampton,40.84,-75.17
7365,PA,Berks,40.5,-75.6
7366,PA,Carbon,40.84,-75.57
7383,PA,Bucks,40.55,-75.24
7385,PA,Montgomery,40.4,-75.5
7399,PA,Monroe,40.88,-75.47
7440,PA,Luzerne,40.95,-75.97
7484,PA,Pike,41.09,-75
7519,PA,Lackawanna,41.5,-75.53
7520,PA,Wayne,41.6,-75.15
7524,PA,Susquehanna,41.64,-75.59
7529,PA,Wyoming,41.56,-75.78
7753,PA,Delaware,40,-75.29
7767,PA,Philadelphia,39.95,-75.16
7824,PA,Chester,40.06,-75.4
8096,DE,New Castle,39.58,-75.68
8150,DE,Kent,39.15,-75.51
8156,DE,Sussex,38.53,-75.06
8194,DC,District of Columbia,38.89,-77.03
8271,VA,Loudoun,38.92,-77.35
8276,VA,Rappahannock,38.67,-77.99
8278,VA,Manassas City,38.74,-77.48
8279,VA,Prince William,38.74,-77.48
8281,VA,Manassas Park City,38.74,-77.48
8284,VA,Fauquier,38.87,-77.85
8289,VA,Fairfax,38.84,-77.44
8295,VA,Clarke,39,-77.95
8550,MD,Howard,38.74,-76.85
8558,MD,Charles,38.64,-76.9
8562,MD,St Mary's,38.25,-76.74
8563,MD,Prince George's,38.67,-77.01
8566,MD,Calvert,38.52,-76.6
8582,MD,St. Mary's,38.3,-76.63
8626,MD,Anne Arundel,39.12,-76.77
8705,MD,Montgomery,38.97,-77.1
8782,MD,Harford,39.51,-76.17
8787,MD,Baltimore,39.51,-76.49
8813,MD,Carroll,39.49,-76.88
8875,MD,Baltimore City,39.3,-76.61
8951,MD,Allegany,39.65,-78.76
8956,MD,Garrett,39.62,-79.32
8978,MD,Mineral,39.59,-78.69
8981,MD,Talbot,38.77,-76.06
8983,MD,Queen Anne's,39.14,-75.86
8984,MD,Caroline,38.74,-75.93
8985,MD,Kent,39.36,-76.07
8987,MD,Dorchester,38.56,-76.07
9052,MD,Frederick,39.42,-77.41
9059,MD,Washington,39.66,-78
9119,MD,Wicomico,38.37,-75.58
9123,MD,Somerset,38.28,-75.68
9124,MD,Worcester,38.32,-75.21
9162,MD,Cecil,39.6,-75.94
9189,VA,Fairfax City,38.85,-77.29
9195,VA,Falls Church City,38.88,-77.17
9251,VA,Arlington,38.87,-77.1
9284,VA,Alexandria City,38.82,-77.08
9307,VA,Fredericksburg City,38.29,-77.48
9311,VA,Stafford,38.29,-77.48
9313,VA,Spotsylvania,38.29,-77.48
9316,VA,Caroline,38.04,-77.35
9319,VA,Northumberland,37.88,-76.34
9320,VA,Orange,38.34,-77.86
9322,VA,Essex,37.98,-76.96
9325,VA,Westmoreland,38.14,-76.63
9328,VA,King George,38.33,-77.05
9332,VA,Richmond,37.88,-76.62
9339,VA,Lancaster,37.66,-76.42
9389,VA,Winchester City,39.17,-78.17
9390,VA,Frederick,39.17,-78.17
9393,VA,Warren,38.83,-78.31
9400,VA,Shenandoah,38.97,-78.4
9413,VA,Page,38.76,-78.38
9422,VA,Culpeper,38.47,-78
9423,VA,Madison,38.32,-78.24
9460,VA,Harrisonburg City,38.43,-78.87
9461,VA,Rockingham,38.43,-78.87
9481,VA,Augusta,38.36,-79.16
9491,VA,Albemarle,38.03,-78.48
9494,VA,Charlottesville City,38.03,-78.48
9502,VA,Nelson,38.03,-78.83
9508,VA,Greene,38.26,-78.57
9514,VA,Louisa,38.13,-78.18
9526,VA,Fluvanna,37.86,-78.26
9537,VA,Waynesboro City,38.06,-78.9
9540,VA,Gloucester,37.28,-76.44
9541,VA,Amelia,37.34,-77.96
9543,VA,Buckingham,37.66,-78.41
9544,VA,Hanover,37.76,-77.47
9545,VA,King William,37.77,-77.12
9546,VA,New Kent,37.45,-76.84
9547,VA,Powhatan,37.76,-78.02
9550,VA,Mathews,37.39,-76.35
9552,VA,King and Queen,37.77,-76.93
9555,VA,Cumberland,37.66,-78.1
9556,VA,Charles City,37.34,-77.07
9557,VA,Middlesex,37.57,-76.6
9561,VA,Goochland,37.63,-77.79
9569,VA,Henrico,37.66,-77.48
9587,VA,James City,37.22,-76.76
9607,VA,Chesterfield,37.5,-77.63
9644,VA,Richmond City,37.57,-77.53
9653,VA,Williamsburg City,37.27,-76.7
9708,VA,Accomack,37.71,-75.66
9711,VA,Isle of Wight,36.96,-76.6
9713,VA,Northampton,37.43,-75.88
9720,VA,Chesapeake City,36.67,-76.3
9771,VA,Suffolk City,36.7,-76.63
9783,VA,Virginia Beach City,36.73,-76.04
9809,VA,Norfolk City,36.84,-76.28
9833,VA,Newport News City,37.07,-76.51
9844,VA,Hampton City,37.04,-76.29
9847,VA,Poquoson City,37.12,-76.34
9857,VA,York,37.23,-76.5
9863,VA,Portsmouth City,36.83,-76.29
9871,VA,Prince George,37.23,-77.33
9872,VA,Petersburg City,37.2,-77.39
9876,VA,Brunswick,36.86,-77.88
9878,VA,Nottoway,37.07,-78
9880,VA,Southampton,36.57,-77.19
9886,VA,Dinwiddie,37.15,-77.63
9887,VA,Colonial Heights City,37.26,-77.39
9891,VA,Surry,37.03,-76.92
9899,VA,Emporia City,36.69,-77.53
9901,VA,Franklin City,36.68,-76.93
9904,VA,Hopewell City,37.29,-77.29
9906,VA,Greensville,36.81,-77.47
9908,VA,Sussex,36.81,-77.47
9931,VA,Prince Edward,37.29,-78.39
9933,VA,Mecklenburg,36.68,-78.27
9939,VA,Charlotte,37.05,-78.63
9947,VA,Appomattox,37.3,-78.78
9948,VA,Lunenburg,36.91,-78.48
9969,VA,Roanoke City,37.27,-79.95
9986,VA,Roanoke,37.27,-79.95
10009,VA,Floyd,36.91,-80.55
10014,VA,Patrick,36.6,-80.51
10015,VA,Henry,36.66,-79.71
10017,VA,Pulaski,37.19,-80.61
10019,VA,Montgomery,37.23,-80.42
10023,VA,Botetourt,37.38,-79.82
10024,VA,Franklin,37.11,-79.95
10028,VA,Pittsylvania,36.56,-79.66
10040,VA,Giles,37.28,-80.63
10048,VA,Bedford,37.21,-79.71
10053,VA,Martinsville City,36.68,-79.86
10062,VA,Craig,37.5,-80.11
10074,VA,Radford City,37.12,-80.55
10083,VA,Salem City,37.28,-80.05
10098,VA,Carroll,36.58,-80.66
10101,VA,Bristol City,36.61,-82.16
10102,VA,Washington,36.61,-82.16
10109,VA,Wise,36.94,-82.78
10111,VA,Dickenson,37.08,-82.19
10112,VA,Lee,36.73,-83.08
10116,VA,Russell,36.87,-82.28
10123,VA,Buchanan,37.1,-82.13
10125,VA,Scott,36.71,-82.79
10141,VA,Norton City,36.93,-82.62
10149,VA,Grayson,36.6,-81.61
10152,VA,Smyth,36.86,-81.39
10154,VA,Wythe,36.91,-80.8
10155,VA,Bland,37.15,-81.15
10157,VA,Tazewell,36.91,-81.66
10168,VA,Galax City,36.66,-80.91
10190,VA,Staunton City,38.15,-79.06
10193,VA,Bath,38.01,-79.9
10194,VA,Highland,38.53,-79.6
10195,VA,Rockbridge,37.93,-79.31
10196,VA,Buena Vista City,37.73,-79.35
10198,VA,Alleghany,37.82,-79.82
10237,VA,Lynchburg City,37.4,-79.19
10247,VA,Campbell,37.12,-79.28
10248,VA,Halifax,36.56,-79
10249,VA,Amherst,37.58,-79.05
10251,VA,Bedford City,37.32,-79.52
10264,VA,Danville City,36.58,-79.4
10315,VA,McDowell,37.23,-81.49
10336,WV,Mercer,37.26,-81.21
10340,WV,Wyoming,37.52,-81.35
10355,WV,McDowell,37.43,-81.58
10378,WV,Mingo,37.53,-81.85
10413,WV,Greenbrier,37.8,-80.43
10415,WV,Monroe,37.72,-80.64
10416,WV,Pocahontas,38.45,-79.75
10425,WV,Summers,37.55,-80.83
10435,WV,Boone,38.15,-81.71
10451,WV,Fayette,38.13,-81.24
10452,WV,Lincoln,38.28,-81.84
10453,WV,Roane,38.54,-81.24
10454,WV,Raleigh,37.84,-81.43
10457,WV,Putnam,38.51,-81.84
10458,WV,Kanawha,38.23,-81.53
10459,WV,Clay,38.37,-81.1
10461,WV,Logan,37.86,-81.83
10482,WV,Nicholas,38.26,-81.18
10504,WV,Mason,38.83,-82.13
10565,WV,Jackson,38.62,-81.56
10566,WV,Calhoun,38.78,-81.12
10585,WV,Gilmer,38.89,-80.95
10641,WV,Berkeley,39.46,-77.96
10646,WV,Washington,39.36,-77.76
10647,WV,Morgan,39.55,-78.21
10649,WV,Jefferson,39.28,-77.85
10660,WV,Hampshire,39.48,-78.55
10674,WV,Cabell,38.4,-82.29
10677,WV,Wayne,38.39,-82.55
10753,WV,Martin,37.8,-82.33
10890,WV,Ohio,40.07,-80.69
10891,WV,Brooke,40.22,-80.65
10892,WV,Marshall,40.01,-80.73
10895,WV,Hancock,40.61,-80.56
10914,WV,Wood,39.26,-81.54
10923,WV,Pleasants,39.37,-81.26
10924,WV,Webster,38.43,-80.5
10927,WV,Ritchie,39.02,-81.19
10928,WV,Wirt,38.96,-81.25
10931,WV,Tyler,39.51,-81.06
10938,WV,Wetzel,39.66,-80.85
10953,WV,Upshur,38.98,-80.22
10966,WV,Randolph,38.72,-80.18
10973,WV,Barbour,39.06,-80.11
10980,WV,Tucker,39.13,-79.46
11006,WV,Harrison,39.28,-80.33
11010,WV,Lewis,39.04,-80.69
11015,WV,Braxton,38.85,-80.65
11018,WV,Doddridge,39.42,-80.62
11022,WV,Taylor,39.26,-80.12
11032,WV,Preston,39.44,-79.88
11070,WV,Monongalia,39.63,-79.94
11092,WV,Marion,39.48,-80.14
11148,WV,Grant,39.26,-79.36
11149,WV,Mineral,39.36,-78.91
11169,WV,Hardy,39.04,-78.74
11170,WV,Pendleton,38.62,-79.24
11193,NC,Davie,35.93,-80.4
11194,NC,Surry,36.4,-80.56
11195,NC,Forsyth,36.25,-80.06
11197,NC,Yadkin,36.23,-80.7
11199,NC,Rowan,35.73,-80.67
11201,NC,Stokes,36.4,-80.21
11210,NC,Rockingham,36.38,-79.97
11260,NC,Alamance,36.03,-79.48
11262,NC,Randolph,35.71,-79.81
11265,NC,Chatham,35.6,-79.36
11267,NC,Montgomery,35.36,-79.78
11268,NC,Caswell,36.51,-79.28
11270,NC,Guilford,36.2,-79.69
11278,NC,Orange,36.2,-79.17
11281,NC,Lee,35.54,-79.23
11282,NC,Davidson,35.63,-80.11
11283,NC,Moore,35.3,-79.65
11339,NC,Person,36.49,-79.14
11389,NC,Harnett,35.51,-78.73
11390,NC,Wake,35.72,-78.84
11391,NC,Durham,36.17,-78.88
11392,NC,Johnston,35.37,-78.54
11395,NC,Granville,36.5,-78.55
11396,NC,Franklin,35.95,-78.25
11418,NC,Wayne,35.37,-77.97
11424,NC,Vance,36.32,-78.41
11435,NC,Warren,36.43,-78.08
11440,NC,Nash,35.78,-78.2
11531,NC,Edgecombe,35.95,-77.81
11535,NC,Bertie,36.22,-77.11
11536,NC,Beaufort,35.3,-76.78
11541,NC,Pitt,35.57,-77.49
11543,NC,Wilson,35.63,-77.93
11548,NC,Hertford,36.49,-77.01
11550,NC,Northampton,36.43,-77.22
11553,NC,Halifax,36.17,-77.66
11554,NC,Hyde,35.54,-76.02
11555,NC,Martin,35.83,-77.17
11615,NC,Greene,35.59,-77.69
11625,NC,Pasquotank,36.29,-76.22
11629,NC,Dare,35.34,-75.5
11630,NC,Currituck,36.32,-75.9
11632,NC,Perquimans,36.26,-76.53
11634,NC,Camden,36.32,-76.16
11638,NC,Tyrrell,35.91,-76.25
11639,NC,Gates,36.53,-76.57
11641,NC,Washington,35.87,-76.39
11644,NC,Chowan,36.05,-76.6
11686,NC,Stanly,35.36,-80.19
11688,NC,Gaston,35.38,-81.1
11689,NC,Anson,35.1,-80.1
11691,NC,Iredell,35.72,-80.9
11694,NC,Cleveland,35.24,-81.66
11695,NC,Rutherford,35.36,-81.83
11701,NC,Cabarrus,35.4,-80.59
11704,NC,Mecklenburg,35.48,-80.86
11706,NC,Lincoln,35.42,-81.3
11731,NC,Union,35.07,-80.67
11871,NC,Cumberland,35.05,-78.87
11885,NC,Sampson,34.99,-78.64
11886,NC,Robeson,34.4,-79.04
11887,NC,Bladen,34.53,-78.79
11889,NC,Duplin,35.15,-78.1
11894,NC,Richmond,34.94,-79.82
11906,NC,Scotland,34.75,-79.6
11936,NC,Hoke,34.97,-79.22
11957,NC,New Hanover,34.21,-77.91
11969,NC,Brunswick,34.07,-78.47
11970,NC,Pender,34.52,-78.17
11972,NC,Columbus,34.31,-78.4
11990,NC,Onslow,34.49,-77.55
12019,NC,Lenoir,35.27,-77.59
12024,NC,Pamlico,35.14,-76.8
12026,NC,Carteret,34.89,-76.33
12032,NC,Craven,35.12,-77.02
12035,NC,Jones,35.01,-77.49
12091,NC,Catawba,35.73,-81.32
12094,NC,Avery,36.16,-81.87
12095,NC,Watauga,36.12,-81.67
12096,NC,Wilkes,36.06,-81.25
12102,NC,Burke,35.66,-81.49
12104,NC,Ashe,36.44,-81.65
12111,NC,Alleghany,36.55,-81
12118,NC,Caldwell,35.8,-81.42
12123,NC,Alexander,35.9,-81.09
12154,NC,Macon,35.18,-83.38
12183,NC,Buncombe,35.7,-82.63
12184,NC,Graham,35.36,-83.56
12186,NC,Mitchell,36.01,-82.15
12187,NC,Jackson,35.42,-83.08
12188,NC,Transylvania,35.22,-82.87
12190,NC,Henderson,35.45,-82.28
12193,NC,Swain,35.42,-83.44
12194,NC,Yancey,35.91,-82.29
12196,NC,Haywood,35.54,-82.84
12202,NC,Polk,35.24,-82.2
12216,NC,McDowell,35.6,-81.97
12222,NC,Madison,35.89,-82.82
12280,NC,Cherokee,35.19,-83.82
12283,NC,Clay,35.04,-83.81
12287,SC,Clarendon,33.76,-80.15
12288,SC,Richland,34.14,-81.06
12289,SC,Bamberg,33.29,-81.03
12290,SC,Lexington,33.9,-81.54
12291,SC,Kershaw,34.41,-80.34
12292,SC,Lee,34.21,-80.24
12293,SC,Chester,34.55,-81.15
12294,SC,Fairfield,34.49,-81.35
12296,SC,Orangeburg,33.34,-80.68
12299,SC,Calhoun,33.55,-80.71
12300,SC,Union,34.59,-81.46
12304,SC,Newberry,34.18,-81.87
12307,SC,Sumter,34.03,-80.45
12320,SC,Williamsburg,33.57,-79.98
12321,SC,Lancaster,34.59,-80.67
12329,SC,Darlington,34.16,-80.06
12340,SC,Colleton,33.06,-80.95
12341,SC,Chesterfield,34.46,-80.25
12344,SC,Aiken,33.84,-81.61
12350,SC,Florence,33.93,-79.93
12361,SC,Saluda,33.84,-81.66
12428,SC,Spartanburg,34.94,-81.92
12443,SC,Laurens,34.47,-81.86
12453,SC,Cherokee,35.07,-81.65
12462,SC,Greenville,35.17,-82.18
12484,SC,Charleston,32.78,-79.99
12492,SC,Berkeley,32.91,-80.01
12501,SC,Dorchester,32.92,-80.09
12518,SC,Georgetown,33.36,-79.29
12563,SC,Horry,33.99,-79.2
12564,SC,Marlboro,34.63,-79.68
12567,SC,Marion,34.03,-79.35
12575,SC,Dillon,34.42,-79.36
12641,SC,Abbeville,34.17,-82.37
12642,SC,Anderson,34.51,-82.64
12650,SC,Pickens,34.72,-82.78
12662,SC,Oconee,34.51,-82.98
12665,SC,Greenwood,34.19,-82.15
12714,SC,York,35.1,-81.22
12752,SC,Allendale,33,-81.3
12753,SC,Barnwell,33.24,-81.36
12758,SC,McCormick,33.63,-82.14
12760,SC,Edgefield,33.78,-81.93
12788,SC,Mccormick,33.91,-82.29
12789,SC,Beaufort,32.42,-80.68
12798,SC,Hampton,32.92,-81.18
12799,SC,Jasper,32.58,-80.92
12828,GA,Dekalb,33.76,-84.26
12829,GA,Gwinnett,33.94,-84.2
12830,GA,Fulton,34.06,-84.27
12832,GA,Cobb,33.95,-84.54
12837,GA,Barrow,34.01,-83.83
12838,GA,Rockdale,33.66,-84.01
12840,GA,Newton,33.6,-83.85
12844,GA,Walton,33.71,-83.8
12852,GA,Forsyth,34.2,-84.13
12877,GA,Jasper,33.51,-83.69
12919,GA,Cherokee,34.05,-84.67
12920,GA,Bartow,34.36,-84.91
12921,GA,Polk,34.04,-85.05
12922,GA,Floyd,34.47,-85.21
12925,GA,Carroll,33.53,-85.25
12927,GA,Haralson,33.7,-85.15
12939,GA,Douglas,33.77,-84.64
12946,GA,Paulding,33.91,-84.83
12951,GA,Cleburne,33.93,-85.37
12952,GA,Gordon,34.44,-84.7
12956,GA,Pickens,34.46,-84.42
12995,GA,Lamar,33.05,-84.15
12996,GA,Fayette,33.29,-84.45
12997,GA,Pike,33.09,-84.43
12998,GA,Spalding,33.27,-84.27
13002,GA,Butts,33.25,-83.89
13003,GA,Heard,33.28,-85.09
13004,GA,Meriwether,33.09,-84.57
13006,GA,Coweta,33.23,-84.82
13010,GA,Henry,33.38,-84.28
13012,GA,Troup,33.16,-84.9
13015,GA,Clayton,33.52,-84.35
13047,GA,Upson,32.96,-84.24
13145,GA,Emanuel,32.59,-82.33
13146,GA,Montgomery,32.18,-82.57
13147,GA,Wheeler,32.14,-82.77
13149,GA,Jefferson,32.88,-82.47
13150,GA,Evans,32.15,-81.97
13151,GA,Bulloch,32.38,-81.66
13153,GA,Tattnall,32.28,-82.13
13156,GA,Screven,32.57,-81.71
13157,GA,Jenkins,32.65,-82.09
13158,GA,Burke,33.04,-81.71
13163,GA,Toombs,32.2,-82.32
13165,GA,Candler,32.39,-82.06
13177,GA,Laurens,32.36,-82.74
13180,GA,Treutlen,32.37,-82.59
13194,GA,Hall,34.29,-83.83
13200,GA,Habersham,34.47,-83.57
13201,GA,Banks,34.48,-83.53
13202,GA,Union,34.87,-83.95
13203,GA,Fannin,34.86,-84.32
13206,GA,Hart,34.37,-83.08
13207,GA,Jackson,34.1,-83.78
13211,GA,Franklin,34.36,-83.23
13212,GA,Gilmer,34.78,-84.45
13214,GA,Rabun,34.87,-83.4
13216,GA,White,34.59,-83.76
13220,GA,Lumpkin,34.53,-83.98
13221,GA,Dawson,34.42,-84.11
13225,GA,Stephens,34.49,-83.25
13233,GA,Towns,34.94,-83.75
13265,GA,Clarke,33.95,-83.39
13275,GA,Oglethorpe,33.91,-83.21
13277,GA,Oconee,33.81,-83.43
13279,GA,Morgan,33.73,-83.51
13280,GA,Elbert,34.2,-83.02
13283,GA,Madison,34.03,-83.21
13286,GA,Taliaferro,33.55,-82.89
13293,GA,Greene,33.57,-83.18
13302,GA,Wilkes,33.79,-82.9
13319,GA,Murray,34.77,-84.77
13320,GA,Walker,34.87,-85.29
13322,GA,Whitfield,34.95,-84.95
13330,GA,Catoosa,34.89,-85.12
13332,GA,Chattooga,34.4,-85.4
13339,GA,Dade,34.81,-85.5
13353,GA,Columbia,33.6,-82.31
13355,GA,Richmond,33.29,-82.19
13356,GA,McDuffie,33.42,-82.43
13357,GA,Warren,33.45,-82.64
13360,GA,Glascock,33.23,-82.59
13367,GA,Lincoln,33.79,-82.47
13393,GA,Wilcox,31.99,-83.3
13395,GA,Wilkinson,32.59,-83.22
13396,GA,Monroe,32.95,-83.81
13397,GA,Houston,32.5,-83.56
13398,GA,Taylor,32.55,-84.23
13399,GA,Dooly,32.2,-83.9
13400,GA,Peach,32.65,-83.75
13402,GA,Crisp,31.96,-83.77
13403,GA,Dodge,32.1,-83.06
13406,GA,Bleckley,32.38,-83.35
13409,GA,Twiggs,32.6,-83.24
13410,GA,Washington,32.98,-82.6
13416,GA,Putnam,33.32,-83.38
13424,GA,Jones,33,-83.53
13426,GA,Baldwin,32.99,-83.29
13428,GA,Pulaski,32.28,-83.47
13429,GA,Telfair,32.07,-82.91
13433,GA,Macon,32.37,-84.18
13439,GA,Johnson,32.69,-82.51
13440,GA,Crawford,32.63,-83.96
13442,GA,Bibb,32.76,-83.86
13446,GA,Marion,32.5,-84.37
13472,GA,Hancock,33.27,-82.97
13529,GA,Liberty,31.78,-81.6
13530,GA,Effingham,32.11,-81.3
13532,GA,McIntosh,31.5,-81.36
13535,GA,Bryan,32.12,-81.48
13542,GA,Long,31.71,-81.74
13547,GA,Chatham,32.1,-81.25
13575,GA,Ware,31.21,-82.35
13578,GA,Bacon,31.54,-82.47
13579,GA,Coffee,31.59,-83.01
13580,GA,Appling,31.76,-82.35
13582,GA,Pierce,31.29,-82.24
13585,GA,Glynn,31.15,-81.48
13592,GA,Jeff Davis,31.72,-82.69
13596,GA,Charlton,30.83,-82
13598,GA,Brantley,31.18,-82.13
13599,GA,Wayne,31.33,-81.95
13603,GA,Camden,30.8,-81.53
13627,GA,Lowndes,30.84,-83.27
13633,GA,Cook,31.13,-83.42
13634,GA,Berrien,31.38,-83.22
13635,GA,Clinch,31.07,-82.64
13636,GA,Atkinson,31.27,-82.73
13637,GA,Brooks,31,-83.51
13638,GA,Thomas,30.79,-83.79
13645,GA,Lanier,31.04,-83.07
13655,GA,Echols,30.7,-83.03
13660,GA,Dougherty,31.57,-84.17
13668,GA,Sumter,32.07,-84.22
13671,GA,Turner,31.7,-83.65
13672,GA,Mitchell,31.37,-84.16
13676,GA,Colquitt,31.06,-83.62
13677,GA,Tift,31.41,-83.39
13687,GA,Ben Hill,31.7,-83.25
13692,GA,Irwin,31.64,-83.38
13693,GA,Lee,31.73,-84.17
13699,GA,Worth,31.77,-83.97
13723,GA,Talbot,32.58,-84.61
13725,GA,Harris,32.66,-84.88
13726,GA,Chattahoochee,32.3,-84.77
13727,GA,Schley,32.23,-84.3
13733,GA,Stewart,32.16,-84.81
13736,GA,Muscogee,32.58,-84.84
13740,GA,Webster,32.06,-84.54
13766,FL,Clay,30.16,-81.7
13767,FL,St. Johns,30.23,-81.38
13769,FL,Putnam,29.77,-81.63
13770,FL,Suwannee,29.96,-82.92
13771,FL,Nassau,30.38,-81.93
13773,FL,Lafayette,30.19,-83.29
13774,FL,Columbia,30.19,-82.64
13776,FL,Union,30.06,-82.24
13778,FL,St Johns,29.78,-81.42
13782,FL,Baker,30.27,-82.16
13784,FL,Bradford,29.88,-82.24
13789,FL,Hamilton,30.51,-82.95
13795,FL,Madison,30.41,-83.3
13823,FL,Duval,30.33,-81.65
13824,FL,Lake,29.14,-81.53
13825,FL,Volusia,29.18,-81.42
13826,FL,Flagler,29.46,-81.25
13827,FL,Marion,29.04,-81.89
13868,FL,Sumter,28.92,-81.92
13949,FL,Leon,30.45,-84.28
13967,FL,Franklin,29.72,-84.99
13968,FL,Liberty,30.42,-84.97
13971,FL,Gadsden,30.69,-84.83
13972,FL,Wakulla,30.17,-84.37
13982,FL,Jefferson,30.37,-83.81
13990,FL,Taylor,30.1,-83.58
14006,FL,Bay,30.17,-85.67
14020,FL,Jackson,30.69,-85.39
14021,FL,Calhoun,30.57,-85.12
14022,FL,Walton,30.71,-86.04
14025,FL,Holmes,30.78,-85.68
14027,FL,Washington,30.77,-85.81
14048,FL,Dixie,29.59,-82.98
14051,FL,Gulf,29.83,-85.24
14061,FL,Escambia,30.44,-87.18
14081,FL,Santa Rosa,30.58,-87.03
14082,FL,Okaloosa,30.79,-86.68
14121,FL,Alachua,29.67,-82.33
14139,FL,Gilchrist,29.75,-82.86
14140,FL,Levy,29.44,-82.63
14176,FL,Seminole,28.66,-81.39
14178,FL,Orange,28.68,-81.51
14216,FL,Brevard,28.68,-80.84
14341,FL,Indian River,27.76,-80.59
14367,FL,Monroe,24.82,-80.81
14368,FL,Miami-Dade,25.86,-80.29
14369,FL,Broward,26.05,-80.14
14593,FL,Palm Beach,26.74,-80.12
14631,FL,Hendry,26.75,-80.93
14642,FL,Martin,27.07,-80.13
14656,FL,Glades,26.83,-81.09
14677,FL,Hillsborough,27.76,-82.26
14685,FL,Pasco,28.36,-82.19
14796,FL,Pinellas,27.75,-82.64
14809,FL,Polk,28.04,-81.96
14872,FL,Highlands,27.59,-81.5
14877,FL,Hardee,27.63,-81.82
14890,FL,Osceola,28.26,-81.5
14926,FL,Lee,26.62,-81.84
14950,FL,Charlotte,26.89,-82.05
15028,FL,Collier,26.14,-81.79
15058,FL,Manatee,27.48,-82.57
15078,FL,Sarasota,26.95,-82.35
15100,FL,Desoto,27.21,-81.85
15128,FL,Citrus,28.9,-82.59
15172,FL,Hernando,28.55,-82.39
15260,FL,St Lucie,27.44,-80.32
15263,FL,St. Lucie,27.44,-80.32
15273,FL,Okeechobee,27.24,-80.82
15292,AL,St Clair,33.59,-86.49
15293,AL,Jefferson,33.59,-86.95
15295,AL,Shelby,33.22,-86.82
15296,AL,Tallapoosa,32.92,-85.93
15298,AL,Blount,33.9,-86.51
15299,AL,Talladega,33.33,-86.18
15301,AL,Marshall,34.32,-86.5
15302,AL,Cullman,34.26,-86.61
15310,AL,Bibb,32.94,-87.17
15313,AL,Walker,33.6,-87.14
15319,AL,Chilton,32.84,-86.62
15324,AL,St. Clair,33.59,-86.36
15339,AL,Coosa,33.06,-86.05
15346,AL,Clay,33.18,-86.09
15356,AL,Tuscaloosa,33.28,-87.12
15488,AL,Hale,32.87,-87.73
15489,AL,Pickens,33.12,-88.15
15490,AL,Greene,32.75,-88.02
15501,AL,Sumter,32.72,-88.31
15530,AL,Winston,34.19,-87.17
15532,AL,Fayette,33.7,-87.68
15533,AL,Marion,34.26,-87.71
15534,AL,Lamar,33.93,-88.02
15551,AL,Franklin,34.32,-87.92
15570,AL,Morgan,34.57,-86.98
15574,AL,Lauderdale,34.91,-87.27
15575,AL,Limestone,34.78,-86.95
15580,AL,Colbert,34.75,-87.96
15582,AL,Lawrence,34.66,-87.31
15615,AL,Jackson,34.94,-85.71
15616,AL,Madison,34.7,-86.46
15673,AL,Etowah,34.01,-86.01
15688,AL,Cherokee,34.22,-85.59
15690,AL,Dekalb,34.26,-85.86
15714,AL,Autauga,32.43,-86.65
15715,AL,Pike,31.81,-85.83
15718,AL,Crenshaw,31.58,-86.25
15720,AL,Montgomery,32.3,-85.99
15721,AL,Butler,31.66,-86.72
15722,AL,Barbour,31.88,-85.45
15724,AL,Elmore,32.49,-86.33
15732,AL,Bullock,32.17,-85.9
15734,AL,Macon,32.29,-85.73
15735,AL,Lowndes,31.98,-86.57
15737,AL,Coffee,31.66,-86.17
15741,AL,Covington,31.4,-86.48
15815,AL,Calhoun,33.66,-85.81
15832,AL,Cleburne,33.7,-85.5
15834,AL,Randolph,33.46,-85.33
15851,AL,Houston,31.23,-85.4
15856,AL,Henry,31.56,-85.25
15857,AL,Dale,31.59,-85.71
15859,AL,Geneva,31.17,-85.79
15890,AL,Conecuh,31.43,-86.95
15893,AL,Monroe,31.73,-87.2
15894,AL,Escambia,31.11,-87.07
15898,AL,Wilcox,31.89,-87.46
15899,AL,Clarke,31.76,-87.71
15933,AL,Mobile,30.92,-88.02
15934,AL,Baldwin,30.88,-87.77
15938,AL,Washington,31.15,-88.01
16036,AL,Dallas,32.41,-87.03
16046,AL,Marengo,32.5,-87.83
16061,AL,Perry,32.63,-87.31
16084,AL,Lee,32.65,-85.37
16093,AL,Russell,32.13,-85.14
16094,AL,Chambers,32.75,-85.23
16118,AL,Choctaw,32.08,-88.22
16130,TN,Robertson,36.58,-87.06
16131,TN,Davidson,36.04,-86.64
16132,TN,De Kalb,36.07,-86.03
16134,TN,Williamson,35.86,-86.65
16135,TN,Cheatham,36.27,-87.05
16136,TN,Cannon,35.94,-86.09
16137,TN,Coffee,35.64,-86.2
16138,TN,Marshall,35.4,-86.71
16139,TN,Bedford,35.59,-86.35
16140,TN,Sumner,36.5,-86.3
16141,TN,Stewart,36.59,-87.69
16143,TN,Hickman,35.94,-87.34
16147,TN,Dickson,36.05,-87.31
16148,TN,Smith,36.25,-85.94
16155,TN,Rutherford,35.7,-86.34
16156,TN,Montgomery,36.56,-87.34
16170,TN,Trousdale,36.4,-86.04
16174,TN,Houston,36.31,-87.7
16185,TN,Wilson,36.08,-86.4
16192,TN,Humphreys,35.94,-87.76
16196,TN,Macon,36.52,-86.03
16205,TN,Perry,35.61,-87.84
16209,TN,Warren,35.68,-85.77
16233,TN,Lincoln,35.31,-86.63
16249,TN,Maury,35.74,-86.92
16308,TN,Grundy,35.42,-85.72
16309,TN,Hamilton,35.01,-85
16310,TN,McMinn,35.45,-84.6
16313,TN,Franklin,35.12,-86.18
16314,TN,Polk,35.17,-84.65
16317,TN,Bradley,35.28,-84.76
16321,TN,Monroe,35.26,-84.3
16327,TN,Rhea,35.49,-85.01
16328,TN,Meigs,35.52,-84.79
16333,TN,Sequatchie,35.37,-85.38
16346,TN,Marion,35.01,-85.5
16356,TN,Moore,35.28,-86.35
16370,TN,Bledsoe,35.6,-85.19
16373,TN,Mcminn,35.45,-84.6
16415,TN,Shelby,35.1,-90
16417,TN,Washington,36.33,-82.36
16423,TN,Greene,36.21,-82.74
16424,TN,Sullivan,36.53,-82.32
16429,TN,Johnson,36.31,-82
16431,TN,Hawkins,36.52,-82.71
16432,TN,Carter,36.33,-82.23
16435,TN,Unicoi,36.14,-82.41
16459,TN,Blount,35.79,-83.97
16460,TN,Anderson,36.2,-84.04
16461,TN,Claiborne,36.54,-83.67
16462,TN,Grainger,36.34,-83.28
16466,TN,Cocke,36.04,-83.18
16467,TN,Campbell,36.32,-84.21
16471,TN,Morgan,36.03,-84.41
16472,TN,Knox,36.12,-83.8
16474,TN,Cumberland,35.9,-84.88
16476,TN,Jefferson,36.02,-83.41
16482,TN,Scott,36.33,-84.6
16485,TN,Sevier,35.72,-83.49
16486,TN,Loudon,35.65,-84.17
16490,TN,Roane,35.93,-84.56
16501,TN,Hancock,36.57,-83.04
16510,TN,Hamblen,36.15,-83.2
16511,TN,Union,36.2,-83.74
16611,TN,Crockett,35.78,-89.11
16613,TN,Tipton,35.44,-89.77
16615,TN,Dyer,36.15,-89.49
16616,TN,Hardeman,35.26,-88.99
16617,TN,Fayette,35.36,-89.57
16619,TN,Haywood,35.59,-89.25
16636,TN,Lauderdale,35.83,-89.4
16656,TN,McNairy,35.05,-88.81
16666,TN,Lake,36.29,-89.47
16737,TN,Carroll,36.13,-88.51
16739,TN,Benton,36.23,-88.08
16740,TN,Henry,36.42,-88.17
16743,TN,Weakley,36.27,-88.69
16749,TN,Obion,36.33,-89.29
16750,TN,Gibson,36.19,-89.01
16770,TN,Madison,35.63,-88.82
16776,TN,Decatur,35.44,-88.1
16786,TN,Hardin,35.03,-88.29
16788,TN,Henderson,35.63,-88.23
16792,TN,Chester,35.38,-88.42
16844,TN,Wayne,35.38,-87.99
16845,TN,Giles,34.99,-86.84
16852,TN,Lawrence,35.32,-87.3
16857,TN,Lewis,35.55,-87.55
16877,TN,Putnam,36.15,-85.5
16880,TN,Fentress,36.38,-84.88
16883,TN,Overton,36.51,-85.32
16887,TN,Jackson,36.22,-85.66
16890,TN,Pickett,36.57,-85.13
16892,TN,Clay,36.54,-85.5
16900,TN,White,35.85,-85.51
16922,TN,Van Buren,35.74,-85.45
16926,MS,Lafayette,34.5,-89.5
16927,MS,Tate,34.7,-90.13
16928,MS,Benton,34.83,-89.17
16929,MS,Panola,34.31,-89.93
16930,MS,Quitman,34.26,-90.35
16931,MS,Tippah,34.67,-89.02
16932,MS,Marshall,34.86,-89.68
16933,MS,Coahoma,34.2,-90.57
16942,MS,Tunica,34.51,-90.45
16943,MS,Union,34.46,-89.2
16948,MS,DeSoto,34.82,-89.98
16989,MS,Desoto,34.95,-90.13
16990,MS,Washington,33.38,-91.05
16994,MS,Bolivar,34.08,-90.72
16995,MS,Sharkey,32.97,-90.82
17004,MS,Sunflower,33.65,-90.52
17010,MS,Issaquena,32.96,-90.94
17016,MS,Humphreys,33.26,-90.59
17036,MS,Lee,34.26,-88.73
17040,MS,Pontotoc,34.17,-89.03
17041,MS,Monroe,33.98,-88.48
17042,MS,Prentiss,34.5,-88.63
17045,MS,Tishomingo,34.5,-88.2
17049,MS,Alcorn,34.93,-88.51
17052,MS,Calhoun,33.85,-89.28
17054,MS,Itawamba,34.26,-88.4
17060,MS,Chickasaw,34.03,-89.01
17086,MS,Grenada,33.77,-89.81
17092,MS,Carroll,33.5,-89.92
17093,MS,Tallahatchie,33.89,-90.03
17095,MS,Yalobusha,33.97,-89.67
17097,MS,Holmes,33.32,-90.23
17098,MS,Montgomery,33.63,-89.71
17103,MS,Leflore,33.51,-90.19
17119,MS,Webster,33.74,-89.37
17132,MS,Yazoo,32.8,-90.28
17134,MS,Hinds,32.35,-90.45
17135,MS,Rankin,32.28,-90
17137,MS,Simpson,32.02,-89.97
17138,MS,Madison,32.8,-89.87
17141,MS,Leake,32.74,-89.53
17144,MS,Newton,32.45,-89.27
17146,MS,Copiah,31.98,-90.35
17152,MS,Attala,33.12,-89.46
17153,MS,Jefferson,31.71,-91.06
17157,MS,Scott,32.35,-89.47
17165,MS,Claiborne,32.02,-90.8
17183,MS,Smith,31.86,-89.55
17185,MS,Covington,31.75,-89.65
17186,MS,Adams,31.54,-91.38
17190,MS,Lawrence,31.72,-90.04
17201,MS,Warren,32.5,-90.79
17265,MS,Lauderdale,32.38,-88.71
17273,MS,Wayne,31.53,-88.52
17279,MS,Kemper,32.76,-88.65
17280,MS,Clarke,32.17,-88.81
17285,MS,Jasper,32.07,-89.26
17286,MS,Winston,33.12,-89.05
17287,MS,Noxubee,33.11,-88.56
17293,MS,Neshoba,32.77,-89.1
17302,MS,Greene,31.43,-88.47
17308,MS,Forrest,31.31,-89.3
17309,MS,Lamar,31.31,-89.3
17314,MS,Jefferson Davis,31.49,-89.74
17316,MS,Perry,31.17,-88.92
17318,MS,Pearl River,30.6,-89.56
17321,MS,Marion,31.25,-89.82
17322,MS,Jones,31.47,-89.23
17330,MS,George,30.92,-88.59
17347,MS,Walthall,31.03,-89.8
17353,MS,Harrison,30.38,-89.06
17359,MS,Hancock,30.32,-89.51
17371,MS,Jackson,30.48,-88.55
17377,MS,Stone,30.69,-89.18
17394,MS,Lincoln,31.58,-90.44
17398,MS,Franklin,31.46,-90.85
17399,MS,Wilkinson,31.08,-91.06
17400,MS,Pike,31.1,-90.52
17403,MS,Amite,31.19,-91.01
17424,MS,Lowndes,33.5,-88.4
17431,MS,Choctaw,33.31,-89.17
17436,MS,Clay,33.61,-88.84
17449,MS,Oktibbeha,33.45,-88.82
17459,GA,Calhoun,31.41,-84.69
17460,GA,Decatur,30.74,-84.47
17464,GA,Early,31.33,-84.94
17465,GA,Clay,31.55,-84.86
17467,GA,Terrell,31.82,-84.32
17468,GA,Grady,30.97,-84.2
17473,GA,Randolph,31.66,-84.87
17474,GA,Miller,31.15,-84.67
17478,GA,Seminole,31.04,-84.87
17482,GA,Quitman,31.85,-85.04
17488,GA,Baker,31.3,-84.37
17494,KY,Shelby,38.26,-85.05
17495,KY,Nelson,37.81,-85.46
17496,KY,Trimble,38.59,-85.31
17497,KY,Henry,38.4,-85.06
17499,KY,Marion,37.49,-85.14
17500,KY,Oldham,38.38,-85.43
17505,KY,Jefferson,38.25,-85.48
17509,KY,Spencer,38.16,-85.42
17518,KY,Washington,37.73,-85.06
17522,KY,Bullitt,38.04,-85.55
17548,KY,Meade,38.06,-86.3
17553,KY,Breckinridge,37.83,-86.62
17557,KY,Grayson,37.6,-86.55
17558,KY,Hardin,37.89,-85.96
17649,KY,Mercer,37.75,-84.76
17650,KY,Nicholas,38.31,-84.03
17651,KY,Powell,37.86,-83.92
17652,KY,Rowan,38.16,-83.43
17653,KY,Menifee,37.91,-83.53
17657,KY,Scott,38.2,-84.55
17660,KY,Bath,38.01,-83.77
17661,KY,Estill,37.69,-83.96
17662,KY,Montgomery,37.96,-83.82
17663,KY,Jessamine,37.93,-84.63
17665,KY,Anderson,38.03,-84.89
17667,KY,Woodford,38.14,-84.68
17668,KY,Bourbon,38.3,-84.14
17672,KY,Owen,38.62,-84.89
17691,KY,Madison,37.73,-84.15
17695,KY,Clark,37.99,-84.18
17697,KY,Jackson,37.32,-83.96
17701,KY,Rockcastle,37.4,-84.41
17702,KY,Garrard,37.71,-84.65
17703,KY,Lincoln,37.46,-84.5
17704,KY,Boyle,37.64,-84.77
17707,KY,Casey,37.47,-84.81
17732,KY,Fayette,38.04,-84.45
17771,KY,Franklin,38.19,-84.86
17780,KY,Whitley,36.93,-84.1
17782,KY,Laurel,37.09,-83.87
17785,KY,Knox,36.94,-84
17799,KY,Harlan,36.83,-83.25
17800,KY,Leslie,37.04,-83.4
17805,KY,Bell,36.72,-83.62
17813,KY,Letcher,37.05,-82.79
17833,KY,Perry,36.94,-83.11
17840,KY,Clay,37.16,-83.56
17873,KY,Campbell,38.96,-84.38
17874,KY,Bracken,38.77,-84
17875,KY,Harrison,38.52,-84.38
17877,KY,Boone,39.02,-84.72
17878,KY,Pendleton,38.78,-84.37
17880,KY,Carroll,38.67,-85.16
17881,KY,Grant,38.49,-84.56
17882,KY,Kenton,39.08,-84.5
17894,KY,Mason,38.75,-83.88
17896,KY,Fleming,38.42,-83.82
17904,KY,Gallatin,38.71,-84.82
17917,KY,Robertson,38.53,-84.03
17939,KY,Boyd,38.45,-82.64
17943,KY,Greenup,38.42,-82.81
17944,KY,Lawrence,38.02,-82.85
17945,KY,Carter,38.42,-83.1
17948,KY,Lewis,38.38,-83.26
17955,KY,Elliott,38.06,-83.05
17972,KY,Martin,37.83,-82.43
17973,KY,Johnson,37.83,-82.7
17975,KY,Floyd,37.74,-82.79
18000,KY,Wolfe,37.73,-83.54
18001,KY,Lee,37.55,-83.57
18002,KY,Breathitt,37.64,-83.24
18005,KY,Owsley,37.47,-83.67
18014,KY,Morgan,37.86,-83.37
18030,KY,Magoffin,37.78,-83
18038,KY,Pike,37.47,-82.51
18101,KY,Knott,37.46,-82.8
18185,KY,McCracken,37.07,-88.63
18186,KY,Mccracken,37.07,-88.63
18188,KY,Calloway,36.71,-88.31
18189,KY,Carlisle,36.79,-89.01
18190,KY,Ballard,37.14,-88.94
18193,KY,Marshall,36.85,-88.35
18194,KY,Graves,36.91,-88.61
18195,KY,Livingston,37.21,-88.4
18197,KY,Hickman,36.66,-88.99
18199,KY,Crittenden,37.27,-88.08
18203,KY,Lyon,37.07,-88.07
18206,KY,Fulton,36.51,-88.88
18238,KY,Warren,36.97,-86.44
18242,KY,Allen,36.67,-86.27
18244,KY,Barren,36.81,-86.01
18245,KY,Metcalfe,36.86,-85.63
18251,KY,Monroe,36.72,-85.96
18252,KY,Simpson,36.72,-86.57
18265,KY,Edmonson,37.06,-86.1
18271,KY,Butler,37.25,-86.68
18272,KY,Logan,36.66,-86.85
18273,KY,Todd,36.71,-87.06
18277,KY,Trigg,36.86,-87.82
18279,KY,Christian,36.96,-87.66
18309,KY,Daviess,37.75,-87.11
18313,KY,Ohio,37.4,-86.87
18314,KY,Muhlenberg,37.18,-87.12
18315,KY,McLean,37.53,-87.25
18325,KY,Henderson,37.68,-87.36
18333,KY,Hancock,37.89,-86.75
18356,KY,Webster,37.44,-87.93
18359,KY,Hopkins,37.17,-87.68
18362,KY,Caldwell,37.2,-88.05
18368,KY,Union,37.68,-87.9
18388,KY,Pulaski,37.08,-84.6
18405,KY,Clinton,36.69,-85.13
18407,KY,Russell,36.99,-85.07
18408,KY,McCreary,36.74,-84.48
18409,KY,Wayne,36.84,-84.84
18420,KY,Hart,37.37,-85.9
18421,KY,Adair,36.95,-85.41
18422,KY,Larue,37.51,-85.7
18423,KY,Cumberland,36.79,-85.36
18424,KY,Taylor,37.34,-85.34
18439,KY,Green,37.25,-85.49
18456,OH,Licking,40.08,-82.61
18457,OH,Franklin,40.07,-83.18
18458,OH,Delaware,40.4,-82.95
18460,OH,Knox,40.27,-82.23
18461,OH,Coshocton,40.47,-82.19
18462,OH,Union,40.33,-83.38
18464,OH,Champaign,40.17,-83.64
18465,OH,Clark,39.99,-83.62
18493,OH,Fairfield,39.89,-82.54
18515,OH,Perry,39.89,-82.41
18527,OH,Ross,39.46,-82.74
18529,OH,Pickaway,39.71,-82.95
18531,OH,Fayette,39.6,-83.39
18535,OH,Hocking,39.49,-82.22
18552,OH,Madison,39.88,-83.44
18625,OH,Marion,40.58,-83.12
18629,OH,Logan,40.5,-83.74
18632,OH,Morrow,40.49,-82.89
18633,OH,Wyandot,40.95,-83.38
18643,OH,Hardin,40.64,-83.61
18670,OH,Wood,41.37,-83.64
18673,OH,Sandusky,41.26,-83.25
18674,OH,Ottawa,41.56,-83.36
18676,OH,Lucas,41.63,-83.31
18689,OH,Erie,41.59,-82.71
18714,OH,Williams,41.66,-84.43
18715,OH,Fulton,41.51,-84.3
18719,OH,Henry,41.45,-83.93
18721,OH,Defiance,41.28,-84.36
18803,OH,Muskingum,39.95,-82.01
18805,OH,Noble,39.83,-81.58
18806,OH,Belmont,39.98,-81.17
18807,OH,Monroe,39.84,-81.03
18813,OH,Guernsey,39.93,-81.5
18818,OH,Morgan,39.48,-81.86
18865,OH,Holmes,40.44,-81.7
18874,OH,Tuscarawas,40.27,-81.59
18882,OH,Jefferson,40.21,-80.87
18884,OH,Carroll,40.47,-80.92
18887,OH,Harrison,40.26,-80.99
18897,OH,Columbiana,40.63,-80.56
18943,OH,Lorain,41.4,-82.23
18944,OH,Ashtabula,41.6,-80.56
18950,OH,Cuyahoga,41.36,-81.86
18951,OH,Geauga,41.47,-81.14
18966,OH,Lake,41.74,-81.28
18976,OH,Summit,41.31,-81.49
19070,OH,Portage,41.03,-81.18
19075,OH,Medina,41.24,-81.82
19076,OH,Wayne,40.98,-81.99
19153,OH,Mahoning,41.02,-80.93
19154,OH,Trumbull,41.38,-80.87
19227,OH,Stark,40.91,-81.11
19325,OH,Seneca,41.04,-83.39
19326,OH,Hancock,41.11,-83.51
19327,OH,Ashland,40.86,-82.31
19330,OH,Huron,41.27,-82.84
19331,OH,Richland,40.62,-82.51
19337,OH,Crawford,40.8,-82.97
19396,OH,Hamilton,39.13,-84.71
19398,OH,Preble,39.56,-84.81
19399,OH,Butler,39.52,-84.64
19400,OH,Warren,39.55,-84.3
19438,OH,Brown,38.66,-83.76
19439,OH,Clermont,39.02,-84.21
19441,OH,Adams,38.75,-83.62
19443,OH,Clinton,39.28,-83.97
19444,OH,Highland,39.08,-83.85
19561,OH,Greene,39.67,-83.91
19562,OH,Shelby,40.39,-84.17
19563,OH,Darke,40.21,-84.63
19569,OH,Montgomery,39.83,-84.41
19570,OH,Mercer,40.35,-84.64
19572,OH,Miami,40.05,-84.12
19698,OH,Pike,39.03,-82.82
19699,OH,Gallia,38.94,-82.25
19703,OH,Lawrence,38.43,-82.45
19705,OH,Jackson,39.11,-82.61
19706,OH,Vinton,39.35,-82.5
19710,OH,Scioto,38.6,-82.84
19765,OH,Athens,39.32,-82.09
19768,OH,Washington,39.39,-81.64
19775,OH,Meigs,39.08,-81.92
19817,OH,Allen,40.74,-84.11
19827,OH,Paulding,41.18,-84.73
19829,OH,Putnam,41.15,-83.94
19832,OH,Auglaize,40.62,-84.26
19841,OH,Van Wert,40.91,-84.7
19903,IN,Madison,40.25,-85.67
19912,IN,Hamilton,40.17,-86.02
19917,IN,Clinton,40.19,-86.66
19922,IN,Hancock,39.93,-85.84
19925,IN,Tipton,40.26,-86.18
19931,IN,Boone,40.05,-86.47
19955,IN,Hendricks,39.68,-86.61
19956,IN,Rush,39.65,-85.57
19957,IN,Putnam,39.76,-86.81
19958,IN,Johnson,39.51,-86.16
19959,IN,Marion,39.71,-86.08
19960,IN,Shelby,39.56,-85.91
19961,IN,Morgan,39.54,-86.37
19979,IN,Fayette,39.62,-85.3
19987,IN,Henry,39.79,-85.52
20079,IN,Porter,41.68,-86.97
20081,IN,Lake,41.37,-87.43
20085,IN,Jasper,41.16,-87.26
20096,IN,La Porte,41.4,-86.75
20103,IN,Newton,41.12,-87.45
20111,IN,Starke,41.21,-86.77
20143,IN,Marshall,41.23,-86.24
20144,IN,Kosciusko,41.26,-85.97
20147,IN,Elkhart,41.72,-85.81
20160,IN,St Joseph,41.73,-86.13
20173,IN,St. Joseph,41.66,-86.16
20183,IN,Lagrange,41.67,-85.57
20213,IN,Noble,41.39,-85.41
20214,IN,Huntington,40.85,-85.6
20215,IN,Steuben,41.64,-85
20216,IN,Allen,41.1,-85.3
20217,IN,De Kalb,41.52,-85.06
20220,IN,Adams,40.65,-84.95
20222,IN,Wells,40.74,-85.17
20224,IN,Whitley,41.23,-85.32
20282,IN,Fulton,40.94,-86.26
20323,IN,Howard,40.47,-86.13
20328,IN,Miami,40.6,-85.92
20330,IN,Carroll,40.51,-86.52
20335,IN,Grant,40.57,-85.87
20344,IN,Cass,40.58,-86.19
20351,IN,Wabash,40.67,-85.72
20365,IN,Pulaski,41.15,-86.48
20393,IN,Dearborn,39.06,-84.9
20394,IN,Union,39.56,-84.81
20395,IN,Ripley,39.29,-85.21
20396,IN,Franklin,39.49,-84.83
20397,IN,Switzerland,38.87,-85.07
20419,IN,Ohio,38.95,-84.85
20424,IN,Scott,38.74,-85.81
20425,IN,Clark,38.53,-85.41
20427,IN,Harrison,38.36,-86.06
20428,IN,Washington,38.65,-86.26
20434,IN,Crawford,38.31,-86.61
20437,IN,Floyd,38.31,-85.86
20442,IN,Orange,38.46,-86.27
20480,IN,Bartholomew,39.21,-85.91
20483,IN,Jackson,38.88,-86.04
20484,IN,Jennings,39.12,-85.49
20485,IN,Jefferson,38.86,-85.3
20486,IN,Decatur,39.43,-85.35
20518,IN,Delaware,40.19,-85.39
20527,IN,Wayne,39.74,-84.85
20529,IN,Jay,40.53,-84.96
20535,IN,Blackford,40.37,-85.2
20539,IN,Randolph,40.18,-85.12
20581,IN,Monroe,39.16,-86.52
20589,IN,Lawrence,38.91,-86.59
20591,IN,Greene,39.02,-86.93
20593,IN,Owen,39.24,-86.98
20600,IN,Brown,39.28,-86.3
20617,IN,Martin,38.91,-86.91
20631,IN,Daviess,38.65,-87.17
20632,IN,Knox,38.77,-87.3
20633,IN,Dubois,38.31,-86.69
20634,IN,Perry,38.16,-86.58
20641,IN,Spencer,38.16,-86.98
20667,IN,Pike,38.48,-87.1
20688,IN,Warrick,38.04,-87.27
20691,IN,Posey,38.18,-87.7
20697,IN,Vanderburgh,38.09,-87.57
20708,IN,Gibson,38.2,-87.57
20755,IN,Vigo,39.47,-87.38
20765,IN,Parke,39.75,-87.06
20766,IN,Vermillion,39.65,-87.46
20768,IN,Clay,39.38,-86.99
20772,IN,Sullivan,38.96,-87.4
20813,IN,Tippecanoe,40.41,-86.87
20821,IN,Montgomery,39.98,-87.05
20822,IN,Warren,40.48,-87.51
20823,IN,Fountain,40.28,-87.24
20825,IN,Benton,40.51,-87.38
20827,IN,White,40.6,-86.86
20890,MI,St Clair,42.61,-82.53
20892,MI,Lapeer,42.92,-83.04
20893,MI,St. Clair,42.69,-82.69
20894,MI,Macomb,42.84,-82.88
20896,MI,Oakland,42.58,-83.14
20969,MI,Wayne,42.25,-83.21
20970,MI,Washtenaw,42.27,-83.73
20977,MI,Monroe,42.01,-83.66
20981,MI,Livingston,42.53,-83.78
21176,MI,Sanilac,43.35,-82.63
21178,MI,Genesee,42.92,-83.51
21180,MI,Huron,43.8,-82.99
21181,MI,Shiawassee,42.87,-84.06
21182,MI,Saginaw,43.25,-83.79
21199,MI,Tuscola,43.25,-83.37
21266,MI,Arenac,44.11,-84.11
21267,MI,Bay,43.6,-84.07
21268,MI,Gladwin,43.88,-84.48
21271,MI,Gratiot,43.4,-84.47
21273,MI,Clare,43.82,-84.76
21274,MI,Midland,43.75,-84.58
21275,MI,Oscoda,44.8,-84.05
21283,MI,Roscommon,44.46,-84.75
21291,MI,Ogemaw,44.43,-84.01
21319,MI,Alcona,44.68,-83.6
21334,MI,Iosco,44.28,-83.48
21375,MI,Isabella,43.59,-84.77
21376,MI,Ingham,42.7,-84.41
21379,MI,Clinton,42.81,-84.44
21380,MI,Ionia,43.09,-85.23
21381,MI,Montcalm,43.17,-84.84
21383,MI,Eaton,42.56,-84.83
21462,MI,Barry,42.72,-85.13
21487,MI,Kalamazoo,42.27,-85.58
21496,MI,Allegan,42.52,-85.84
21497,MI,Calhoun,42.08,-85.23
21499,MI,Van Buren,42.31,-86.11
21508,MI,Berrien,42.11,-86.44
21513,MI,Branch,41.87,-85.19
21515,MI,St Joseph,41.84,-85.32
21516,MI,Cass,41.91,-86
21601,MI,Jackson,42.24,-84.4
21605,MI,Lenawee,41.98,-84.34
21608,MI,Hillsdale,41.95,-84.76
21663,MI,Kent,42.95,-85.48
21665,MI,Muskegon,43.27,-85.81
21666,MI,Lake,43.89,-85.85
21667,MI,Mecosta,43.74,-85.14
21670,MI,Newaygo,43.74,-85.86
21712,MI,Ottawa,42.98,-85.95
21713,MI,Mason,43.91,-86.12
21729,MI,Oceana,43.69,-86.36
21798,MI,Wexford,44.24,-85.41
21799,MI,Grand Traverse,44.76,-85.48
21800,MI,Antrim,44.96,-84.98
21802,MI,Manistee,44.51,-86.23
21805,MI,Benzie,44.61,-86.09
21810,MI,Leelanau,44.85,-85.8
21819,MI,Osceola,43.9,-85.27
21820,MI,Missaukee,44.25,-85.08
21821,MI,Kalkaska,44.57,-85.35
21868,MI,Emmet,45.77,-84.74
21869,MI,Cheboygan,45.31,-84.45
21871,MI,Alpena,45.07,-83.43
21872,MI,Montmorency,45,-84.15
21873,MI,Chippewa,46.28,-84.28
21874,MI,Charlevoix,45.34,-85.15
21881,MI,Mackinac,45.99,-84.36
21893,MI,Crawford,44.78,-84.73
21894,MI,Otsego,45.02,-84.67
21901,MI,Presque Isle,45.3,-83.9
21945,MI,Dickinson,45.82,-88.06
21947,MI,Keweenaw,47.28,-88.4
21948,MI,Alger,46.43,-86.83
21949,MI,Delta,45.72,-87.3
21950,MI,Marquette,46.81,-87.72
21951,MI,Menominee,45.58,-87.55
21969,MI,Schoolcraft,46.25,-85.92
21980,MI,Luce,46.37,-85.74
21984,MI,Baraga,46.53,-88.11
22014,MI,Iron,46.04,-88.37
22016,MI,Houghton,47.09,-88.71
22018,MI,Ontonagon,46.6,-89.57
22019,MI,Gogebic,46.47,-90.04
22060,IA,Warren,41.36,-93.47
22061,IA,Guthrie,41.5,-94.64
22062,IA,Dallas,41.61,-94.02
22063,IA,Marshall,42.11,-92.98
22064,IA,Hardin,42.51,-93.37
22065,IA,Polk,41.81,-93.61
22066,IA,Wayne,40.7,-93.36
22068,IA,Story,42.02,-93.62
22073,IA,Cass,41.44,-94.76
22077,IA,Audubon,41.71,-94.92
22079,IA,Mahaska,41.5,-92.46
22080,IA,Jasper,41.82,-93.15
22082,IA,Boone,42.03,-94.14
22085,IA,Hamilton,42.47,-93.64
22092,IA,Franklin,42.6,-93.2
22095,IA,Marion,41.2,-92.88
22099,IA,Lucas,41.01,-93.3
22100,IA,Greene,42.15,-94.47
22107,IA,Carroll,41.87,-94.67
22114,IA,Decatur,40.64,-93.81
22120,IA,Wright,42.65,-93.5
22121,IA,Madison,41.49,-94.12
22123,IA,Ringgold,40.84,-94.1
22131,IA,Keokuk,41.48,-92.39
22139,IA,Poweshiek,41.74,-92.72
22173,IA,Union,41.12,-94.05
22174,IA,Monroe,41.13,-92.9
22195,IA,Tama,41.98,-92.71
22196,IA,Clarke,41.04,-93.94
22237,IA,Adair,41.5,-94.31
22319,IA,Cerro Gordo,43.15,-93.19
22323,IA,Hancock,43.09,-93.8
22324,IA,Winnebago,43.38,-93.94
22325,IA,Mitchell,43.41,-93.01
22332,IA,Worth,43.26,-93.42
22333,IA,Floyd,43.12,-92.73
22345,IA,Kossuth,43.37,-94.09
22358,IA,Howard,43.36,-92.55
22376,IA,Webster,42.5,-94.17
22377,IA,Buena Vista,42.78,-94.94
22379,IA,Emmet,43.39,-94.47
22380,IA,Palo Alto,43.04,-94.83
22384,IA,Humboldt,42.86,-94.28
22399,IA,Sac,42.46,-95.15
22401,IA,Calhoun,42.27,-94.4
22403,IA,Pocahontas,42.58,-94.84
22452,IA,Butler,42.75,-92.79
22453,IA,Chickasaw,43.19,-92.41
22456,IA,Fayette,42.74,-91.67
22457,IA,Buchanan,42.61,-91.72
22459,IA,Grundy,42.22,-92.82
22462,IA,Black Hawk,42.52,-92.45
22468,IA,Bremer,42.67,-92.33
22496,IA,Delaware,42.47,-91.59
22530,IA,Taylor,40.67,-94.72
22534,IA,Adams,41.04,-94.82
22541,IA,Montgomery,41.14,-94.98
22563,IA,Plymouth,42.82,-96.55
22565,IA,Sioux,42.98,-96
22566,IA,Woodbury,42.38,-95.86
22567,IA,Cherokee,42.71,-95.43
22568,IA,Ida,42.31,-95.59
22571,IA,Obrien,42.94,-95.55
22572,IA,Monona,42.07,-95.9
22603,IA,Clay,42.91,-95.34
22628,IA,Lyon,43.34,-96.3
22630,IA,Osceola,43.3,-95.79
22648,IA,Dickinson,43.36,-95.13
22674,IA,Crawford,41.91,-95.13
22684,IA,Shelby,41.79,-95.2
22703,IA,Pottawattamie,41.24,-95.85
22714,IA,Harrison,41.85,-95.59
22718,IA,Mills,41.01,-95.4
22760,IA,Page,40.75,-95.36
22769,IA,Fremont,40.71,-95.48
22782,IA,Dubuque,42.5,-90.69
22786,IA,Jackson,42.15,-90.59
22789,IA,Jones,42.29,-91
22790,IA,Clayton,42.63,-91.2
22792,IA,Clinton,41.99,-90.6
22828,IA,Winneshiek,43.3,-91.79
22834,IA,Allamakee,43.46,-91.51
22861,IA,Washington,41.29,-91.55
22862,IA,Linn,42.14,-91.61
22863,IA,Iowa,41.8,-91.86
22866,IA,Benton,41.99,-91.85
22876,IA,Cedar,41.88,-91.05
22892,IA,Johnson,41.57,-91.53
22980,IA,Wapello,41.01,-92.41
22983,IA,Jefferson,40.99,-92.16
22985,IA,Van Buren,40.87,-91.94
22987,IA,Davis,40.74,-92.41
22992,IA,Appanoose,40.73,-92.87
23031,IA,Des Moines,40.8,-91.12
23032,IA,Lee,40.53,-91.56
23040,IA,Henry,40.83,-91.71
23047,IA,Louisa,41.09,-91.25
23068,IA,Muscatine,41.57,-91.16
23070,IA,Scott,41.56,-90.47
23123,WI,Sheboygan,43.62,-87.94
23124,WI,Washington,43.47,-88.35
23125,WI,Dodge,43.23,-88.47
23126,WI,Ozaukee,43.5,-87.85
23127,WI,Waukesha,43.06,-88.11
23131,WI,Fond Du Lac,43.59,-88.28
23135,WI,Calumet,44.02,-88.16
23136,WI,Manitowoc,43.91,-87.75
23154,WI,Jefferson,43.16,-88.58
23206,WI,Kenosha,42.52,-88.24
23210,WI,Racine,42.67,-88.27
23213,WI,Milwaukee,42.94,-87.86
23214,WI,Walworth,42.6,-88.71
23291,WI,Iowa,42.96,-90.13
23325,WI,Rock,42.69,-89.09
23326,WI,Green,42.7,-89.43
23328,WI,Lafayette,42.7,-89.86
23332,WI,Dane,42.86,-89.53
23339,WI,Richland,43.18,-90.57
23370,WI,Grant,42.9,-90.43
23371,WI,Columbia,43.31,-89.53
23377,WI,Sauk,43.37,-89.62
23463,WI,Crawford,43.04,-91.14
23469,WI,Adams,43.95,-89.81
23474,WI,Marquette,43.68,-89.57
23479,WI,Green Lake,43.68,-89.19
23482,WI,Juneau,43.74,-90.27
23519,WI,Polk,45.3,-92.36
23520,WI,St Croix,44.96,-92.37
23521,WI,Pierce,44.77,-92.43
23522,WI,Barron,45.32,-92.17
23544,WI,Oconto,44.78,-88.06
23545,WI,Marinette,45.5,-88
23546,WI,Forest,45.65,-88.44
23548,WI,Outagamie,44.47,-88.45
23549,WI,Shawano,44.74,-88.44
23555,WI,Brown,44.43,-88.07
23557,WI,Florence,45.75,-88.43
23568,WI,Menominee,44.88,-88.63
23600,WI,Kewaunee,44.6,-87.44
23601,WI,Door,45.06,-87.12
23642,WI,Marathon,44.96,-89.64
23645,WI,Wood,44.66,-90.17
23647,WI,Portage,44.44,-89.28
23650,WI,Langlade,45.14,-89.15
23660,WI,Clark,44.63,-90.35
23672,WI,Taylor,45.16,-90.8
23674,WI,Lincoln,45.3,-89.5
23694,WI,Price,45.44,-90.29
23697,WI,Oneida,45.5,-89.11
23730,WI,Vilas,46.11,-89.63
23732,WI,Ashland,46.01,-90.49
23739,WI,Iron,46.42,-90.22
23740,WI,Rusk,45.49,-90.89
23775,WI,La Crosse,43.82,-91.23
23778,WI,Buffalo,44.33,-91.92
23779,WI,Jackson,44.43,-90.91
23780,WI,Trempealeau,44.25,-91.49
23786,WI,Monroe,43.74,-90.78
23788,WI,Vernon,43.65,-91.09
23834,WI,Eau Claire,44.82,-91.49
23838,WI,Pepin,44.62,-92.06
23841,WI,Chippewa,45.1,-91.49
23842,WI,Dunn,45.04,-92.03
23889,WI,Washburn,45.82,-91.89
23895,WI,Bayfield,46.81,-90.82
23900,WI,Douglas,46.55,-91.57
23906,WI,Sawyer,45.79,-91.29
23908,WI,Burnett,46,-92.37
23955,WI,Winnebago,44.01,-88.55
23969,WI,Waushara,43.97,-88.95
23970,WI,Waupaca,44.61,-89.01
23980,WI,Fond du Lac,43.77,-88.44
24021,MN,Washington,44.9,-92.81
24022,MN,Chisago,45.52,-92.87
24024,MN,Anoka,45.4,-93.26
24025,MN,Isanti,45.72,-93.17
24026,MN,Pine,45.94,-93.07
24028,MN,Goodhue,44.51,-92.9
24029,MN,Dakota,44.58,-93.09
24037,MN,Rice,44.42,-93.2
24038,MN,Scott,44.56,-93.32
24053,MN,Wabasha,44.44,-92.27
24060,MN,Steele,44.17,-93.24
24061,MN,Kanabec,45.87,-93.29
24095,MN,Ramsey,44.94,-93.1
24105,MN,Hennepin,44.94,-93.1
24145,MN,Wright,45.23,-93.66
24151,MN,Sibley,44.6,-94.07
24152,MN,Sherburne,45.37,-93.87
24154,MN,Renville,44.76,-94.89
24156,MN,McLeod,44.73,-94.35
24159,MN,Carver,44.76,-93.62
24164,MN,Stearns,45.41,-94.04
24168,MN,Meeker,45.09,-94.4
24213,MN,Mille Lacs,45.57,-93.59
24362,MN,Lake,47.25,-91.29
24363,MN,St Louis,47.27,-91.86
24365,MN,Cook,47.75,-90.34
24381,MN,Carlton,46.5,-92.68
24383,MN,Itasca,47.29,-93.4
24412,MN,St. Louis,47.4,-92.94
24413,MN,Aitkin,46.98,-93.59
24431,MN,Koochiching,48.11,-93.07
24465,MN,Olmsted,44.01,-92.47
24471,MN,Mower,43.56,-92.71
24472,MN,Winona,44.06,-91.93
24476,MN,Houston,43.69,-91.28
24479,MN,Fillmore,43.53,-91.92
24481,MN,Dodge,44.04,-92.99
24538,MN,Blue Earth,44.16,-93.99
24540,MN,Nicollet,44.16,-93.99
24542,MN,Freeborn,43.65,-93.36
24546,MN,Faribault,43.63,-94.09
24549,MN,Le Sueur,44.32,-93.83
24550,MN,Brown,44.11,-94.9
24553,MN,Watonwan,44.05,-94.83
24562,MN,Martin,43.64,-94.45
24577,MN,Waseca,44.11,-93.7
24601,MN,Redwood,44.21,-95.12
24613,MN,Cottonwood,43.86,-95.11
24614,MN,Nobles,43.63,-95.93
24615,MN,Jackson,43.63,-94.87
24616,MN,Lincoln,44.38,-96.18
24617,MN,Murray,43.94,-95.64
24618,MN,Lyon,44.23,-95.87
24619,MN,Rock,43.61,-96.36
24629,MN,Pipestone,43.87,-96.13
24680,MN,Kandiyohi,45.12,-95.04
24681,MN,Stevens,45.57,-96.05
24682,MN,Swift,45.2,-96.02
24684,MN,Big Stone,45.55,-96.55
24686,MN,Lac Qui Parle,45.13,-96.28
24691,MN,Traverse,45.59,-96.83
24692,MN,Yellow Medicine,44.71,-96.26
24694,MN,Chippewa,44.95,-95.36
24714,MN,Grant,45.81,-96.13
24759,MN,Douglas,45.87,-95.37
24765,MN,Morrison,45.82,-94.4
24769,MN,Todd,45.86,-94.68
24773,MN,Pope,45.61,-95.73
24774,MN,Otter Tail,46.17,-95.91
24779,MN,Benton,45.66,-93.9
24837,MN,Crow Wing,46.35,-94.19
24839,MN,Cass,47.06,-94.5
24841,MN,Hubbard,47,-94.72
24864,MN,Wadena,46.74,-95.1
24881,MN,Becker,46.81,-95.84
24883,MN,Norman,47.29,-96.51
24885,MN,Clay,46.64,-96.41
24887,MN,Mahnomen,47.44,-95.97
24888,MN,Polk,47.54,-96.52
24891,MN,Wilkin,46.26,-96.58
24957,MN,Beltrami,47.48,-94.87
24959,MN,Clearwater,47.52,-95.4
24960,MN,Lake of the Woods,48.71,-94.58
24997,MN,Roseau,48.8,-95.1
25010,MN,Pennington,48.11,-96.17
25011,MN,Marshall,48.19,-96.99
25015,MN,Red Lake,47.81,-96
25017,MN,Kittson,48.57,-96.89
25063,SD,Union,43.02,-96.62
25064,SD,Brookings,44.28,-96.68
25065,SD,Minnehaha,43.75,-96.73
25070,SD,Clay,42.76,-96.83
25071,SD,McCook,43.59,-97.29
25072,SD,Lincoln,43.3,-96.58
25073,SD,Turner,43.11,-96.95
25075,SD,Lake,43.89,-96.92
25076,SD,Moody,43.98,-96.81
25086,SD,Hutchinson,43.35,-97.43
25088,SD,Yankton,42.88,-97.17
25107,SD,Kingsbury,44.22,-97.3
25115,SD,Bon Homme,43.14,-97.71
25155,SD,Codington,44.91,-97.16
25157,SD,Deuel,44.55,-96.54
25159,SD,Grant,45.29,-96.46
25160,SD,Clark,45.09,-97.64
25162,SD,Day,45.34,-97.74
25164,SD,Hamlin,44.58,-97.46
25166,SD,Roberts,45.85,-97.1
25171,SD,Marshall,45.61,-97.42
25212,SD,Davison,43.73,-98.03
25213,SD,Hanson,43.65,-97.77
25214,SD,Jerauld,44.18,-98.36
25215,SD,Douglas,43.31,-98.34
25216,SD,Sanborn,44,-97.92
25218,SD,Gregory,43.07,-98.94
25220,SD,Miner,43.88,-97.5
25223,SD,Beadle,44.37,-98.04
25224,SD,Brule,43.8,-99.32
25227,SD,Charles Mix,43.03,-98.18
25234,SD,Buffalo,44.04,-99.41
25239,SD,Hyde,44.52,-99.43
25251,SD,Hand,44.52,-98.98
25254,SD,Lyman,43.79,-99.38
25257,SD,Aurora,43.71,-98.48
25274,SD,Brown,45.46,-98.48
25276,SD,Walworth,45.33,-100.12
25279,SD,Spink,44.99,-98.49
25282,SD,Edmunds,45.45,-99.65
25288,SD,Faulk,45.16,-98.94
25290,SD,McPherson,45.76,-99.62
25295,SD,Potter,45,-99.95
25324,SD,Hughes,44.37,-100.32
25325,SD,Sully,44.83,-100.07
25326,SD,Jackson,43.83,-101.27
25329,SD,Tripp,43.26,-99.71
25331,SD,Jones,43.92,-100.53
25332,SD,Stanley,44.36,-100.37
25344,SD,Bennett,43.17,-101.72
25345,SD,Haakon,44.07,-101.15
25347,SD,Todd,43.3,-100.66
25349,SD,Mellette,43.46,-101.2
25368,SD,Perkins,45.52,-102.46
25369,SD,Corson,45.76,-101.08
25370,SD,Ziebach,44.6,-101.5
25372,SD,Dewey,45,-101.23
25373,SD,Meade,45.02,-102.03
25376,SD,Campbell,45.83,-100.07
25390,SD,Harding,45.77,-103.06
25399,SD,Pennington,44.07,-103.23
25405,SD,Shannon,43.12,-102.1
25406,SD,Butte,44.66,-103.85
25410,SD,Custer,43.49,-103.31
25414,SD,Lawrence,44.38,-103.72
25415,SD,Fall River,43.29,-103.82
25457,ND,Richland,46.44,-96.72
25458,ND,Cass,46.97,-97.39
25464,ND,Traill,47.34,-97.21
25467,ND,Sargent,46.07,-97.38
25473,ND,Ransom,46.62,-97.59
25476,ND,Barnes,46.76,-97.79
25487,ND,Steele,47.32,-97.71
25530,ND,Grand Forks,47.91,-97.07
25538,ND,Walsh,48.41,-98.07
25539,ND,Nelson,47.67,-97.98
25541,ND,Pembina,48.88,-97.47
25559,ND,Cavalier,48.97,-98.69
25591,ND,Ramsey,48.11,-98.87
25592,ND,Rolette,48.57,-99.66
25594,ND,Pierce,48.16,-100.03
25596,ND,Towner,48.62,-99.37
25597,ND,Bottineau,48.82,-100.44
25598,ND,Wells,47.72,-99.36
25607,ND,Benson,48.03,-99.76
25621,ND,Eddy,47.68,-99.13
25642,ND,Stutsman,46.91,-98.69
25645,ND,McIntosh,46.03,-99.37
25646,ND,Lamoure,46.37,-98.48
25647,ND,Griggs,47.55,-98.34
25650,ND,Foster,47.45,-99.12
25656,ND,Kidder,46.86,-99.75
25658,ND,Sheridan,47.48,-100.26
25661,ND,Dickey,46,-98.52
25664,ND,Logan,46.32,-99.09
25687,ND,Burleigh,47.15,-100.52
25711,ND,Morton,46.72,-101.5
25713,ND,Mercer,47.26,-101.77
25714,ND,Emmons,46.56,-100.08
25715,ND,Sioux,46.31,-100.63
25716,ND,Grant,46.42,-101.57
25717,ND,Oliver,47.11,-101.29
25718,ND,McLean,47.54,-101.22
25752,ND,Stark,46.88,-102.78
25754,ND,Slope,46.48,-103.31
25755,ND,Golden Valley,46.91,-104
25757,ND,Bowman,46.18,-103.4
25758,ND,Dunn,47.3,-102.2
25760,ND,Billings,47.18,-103.21
25764,ND,McKenzie,47.4,-103.25
25767,ND,Adams,46,-102.63
25774,ND,Hettinger,46.37,-102.31
25784,ND,Ward,48.23,-101.29
25790,ND,McHenry,47.88,-100.24
25796,ND,Burke,48.8,-102.24
25801,ND,Divide,48.91,-103.29
25808,ND,Renville,48.51,-101.22
25815,ND,Williams,48.6,-102.93
25823,ND,Mountrail,47.98,-102.49
25864,MT,Stillwater,45.5,-109.56
25865,MT,Yellowstone,45.98,-108.68
25866,MT,Rosebud,45.45,-106.21
25869,MT,Carbon,45.13,-109.15
25871,MT,Treasure,46.01,-107.31
25872,MT,Sweet Grass,45.96,-109.85
25877,MT,Big Horn,45.44,-107.04
25878,MT,Park,45.86,-110.65
25890,MT,Fergus,47.02,-108.88
25894,MT,Wheatland,46.48,-109.88
25901,MT,Golden Valley,46.44,-109
25905,MT,Meagher,46.47,-110.53
25906,MT,Musselshell,46.57,-107.93
25909,MT,Garfield,47.08,-107.8
25912,MT,Powder River,45.14,-106.08
25933,MT,Petroleum,47.03,-108.61
25953,MT,Roosevelt,48.28,-105.66
25954,MT,Sheridan,48.69,-104.36
25957,MT,McCone,47.07,-105.86
25959,MT,Richland,47.57,-104.26
25963,MT,Daniels,48.71,-105.17
25964,MT,Valley,48,-106.44
25984,MT,Dawson,47.71,-105.03
25986,MT,Phillips,48.58,-107.42
25994,MT,Custer,46.22,-105.6
25995,MT,Carter,45.23,-104.53
25997,MT,Fallon,46.28,-104.28
26007,MT,Prairie,46.73,-104.88
26023,MT,Wibaux,47.01,-104.32
26025,MT,Cascade,47.51,-111.27
26031,MT,Lewis and Clark,47.58,-112.6
26032,MT,Glacier,48.78,-113.37
26035,MT,Pondera,48.02,-111.57
26038,MT,Teton,48.04,-112.38
26039,MT,Chouteau,47.88,-111.02
26049,MT,Toole,48.59,-112.1
26057,MT,Judith Basin,47.2,-110.44
26067,MT,Liberty,48.53,-112.15
26089,MT,Hill,48.56,-109.73
26093,MT,Blaine,48.47,-109.21
26120,MT,Jefferson,46.32,-112.41
26129,MT,Broadwater,46.2,-111.63
26136,MT,Silver Bow,46,-112.44
26140,MT,Madison,45.06,-112.11
26141,MT,Deer Lodge,46.12,-112.97
26142,MT,Powell,46.65,-112.6
26143,MT,Gallatin,45.81,-111.15
26152,MT,Beaverhead,44.78,-112.62
26186,MT,Missoula,46.85,-113.99
26194,MT,Mineral,46.86,-114.59
26195,MT,Lake,47.16,-114
26200,MT,Ravalli,45.89,-114.04
26204,MT,Sanders,47.25,-114.35
26205,MT,Granite,46.65,-113.24
26239,MT,Flathead,48.19,-114.38
26249,MT,Lincoln,48.82,-114.93
26269,IL,McHenry,42.45,-88.53
26270,IL,Lake,42.47,-88.07
26271,IL,Cook,42.09,-87.98
26300,IL,Mchenry,42.23,-88.33
26353,IL,Dupage,41.93,-88
26361,IL,Kane,42.05,-88.54
26363,IL,Dekalb,42.02,-88.84
26365,IL,Ogle,41.93,-88.96
26457,IL,Will,41.34,-87.61
26462,IL,Grundy,41.22,-88.26
26472,IL,Livingston,41.09,-88.42
26521,IL,La Salle,41.15,-88.65
26548,IL,Kendall,41.71,-88.4
26563,IL,Lee,41.79,-88.94
26699,IL,Kankakee,41.11,-87.86
26701,IL,Iroquois,40.87,-87.95
26708,IL,Ford,40.99,-88.2
26719,IL,Vermilion,40.46,-87.79
26733,IL,Champaign,40.38,-88.12
26756,IL,Jo Daviess,42.5,-90.09
26759,IL,Boone,42.25,-88.84
26763,IL,Stephenson,42.37,-89.63
26764,IL,Carroll,42.01,-89.88
26766,IL,Winnebago,42.24,-88.96
26779,IL,Whiteside,41.78,-89.76
26841,IL,Rock Island,41.47,-90.58
26844,IL,Mercer,41.19,-90.74
26846,IL,Henry,41.29,-90.29
26891,IL,Bureau,41.47,-89.24
26905,IL,Putnam,41.26,-89.22
26939,IL,Marshall,41,-89.13
26950,IL,Knox,40.95,-90.37
26953,IL,McDonough,40.41,-90.5
26954,IL,Warren,41.06,-90.55
26960,IL,Henderson,40.85,-90.86
26968,IL,Stark,41.11,-89.7
26969,IL,Fulton,40.49,-90.19
26988,IL,Hancock,40.58,-90.97
26989,IL,Peoria,40.91,-89.91
26990,IL,Schuyler,40.23,-90.62
27024,IL,Woodford,40.85,-89.12
27036,IL,Mason,40.37,-89.83
27038,IL,Tazewell,40.4,-89.64
27104,IL,McLean,40.47,-88.97
27105,IL,Mclean,40.47,-88.97
27113,IL,Logan,40.26,-89.23
27117,IL,De Witt,40.15,-88.96
27145,IL,Macon,40.03,-88.95
27170,IL,Piatt,39.92,-88.57
27226,IL,Douglas,39.68,-88.3
27228,IL,Coles,39.53,-88.02
27230,IL,Moultrie,39.64,-88.74
27231,IL,Edgar,39.71,-87.93
27255,IL,Shelby,39.43,-88.59
27256,IL,Madison,38.88,-89.73
27258,IL,Calhoun,39.03,-90.65
27259,IL,Macoupin,39.09,-89.8
27261,IL,Fayette,39.11,-89.21
27262,IL,Jersey,39.04,-90.13
27265,IL,Montgomery,39.19,-89.53
27266,IL,Greene,39.29,-90.41
27269,IL,Bond,39.03,-89.47
27300,IL,St. Clair,38.65,-90.16
27319,IL,Christian,39.39,-89.19
27334,IL,St Clair,38.61,-90.13
27342,IL,Washington,38.39,-89.48
27343,IL,Clinton,38.54,-89.61
27345,IL,Randolph,38.18,-89.84
27360,IL,Monroe,38.45,-90.22
27361,IL,Perry,38.18,-89.6
27414,IL,Adams,39.93,-91.38
27418,IL,Pike,39.69,-91.03
27446,IL,Brown,39.98,-90.76
27468,IL,Effingham,39.11,-88.55
27469,IL,Wabash,38.52,-87.71
27471,IL,Crawford,39.15,-87.81
27473,IL,Lawrence,38.71,-87.75
27475,IL,Richland,38.65,-88.04
27476,IL,Clark,39.3,-87.98
27482,IL,Clay,38.92,-88.66
27484,IL,Cumberland,39.24,-88.15
27486,IL,Jasper,39.15,-88.15
27499,IL,Wayne,38.51,-88.23
27523,IL,Edwards,38.52,-88
27534,IL,Sangamon,39.84,-89.4
27582,IL,Morgan,39.71,-90.05
27583,IL,Scott,39.55,-90.43
27584,IL,Cass,39.87,-90.37
27586,IL,Menard,39.96,-89.72
27682,IL,Marion,38.52,-89.12
27684,IL,Franklin,37.98,-88.75
27689,IL,Jefferson,38.23,-88.73
27695,IL,Hamilton,37.93,-88.46
27698,IL,White,38.25,-88.25
27742,IL,Gallatin,37.9,-88.12
27774,IL,Jackson,37.72,-89.21
27775,IL,Williamson,37.72,-89.21
27777,IL,Union,37.57,-89.31
27780,IL,Massac,37.32,-88.94
27781,IL,Johnson,37.36,-89
27784,IL,Alexander,36.99,-89.17
27787,IL,Saline,37.65,-88.61
27789,IL,Hardin,37.53,-88.23
27797,IL,Pope,37.5,-88.58
27807,IL,Pulaski,37.25,-89.01
27857,MO,St. Louis,38.5,-90.67
27858,MO,St Louis,38.65,-90.58
27860,MO,Jefferson,38.42,-90.36
27863,MO,Franklin,38.41,-91.19
27877,MO,Washington,38.16,-90.73
27882,MO,St Francois,37.97,-90.38
27915,MO,Crawford,38.21,-91.16
27921,MO,Gasconade,38.38,-91.4
27923,MO,St Louis City,38.63,-90.24
27969,MO,St. Louis City,38.63,-90.24
27994,MO,St Charles,38.79,-90.51
27995,MO,St. Charles,38.79,-90.51
27998,MO,Pike,39.26,-90.82
28000,MO,Montgomery,39,-91.35
28006,MO,Warren,38.6,-90.99
28007,MO,Lincoln,39.17,-90.78
28009,MO,Audrain,39.27,-91.57
28041,MO,Callaway,38.91,-91.7
28044,MO,Marion,39.7,-91.38
28045,MO,Clark,40.35,-91.45
28046,MO,Macon,39.75,-92.35
28047,MO,Scotland,40.46,-92.01
28049,MO,Shelby,39.87,-92.02
28050,MO,Lewis,40.12,-91.52
28051,MO,Ralls,39.5,-91.52
28060,MO,Knox,40.14,-92.01
28086,MO,Adair,40.19,-92.57
28092,MO,Schuyler,40.58,-92.63
28100,MO,Sullivan,40.26,-92.87
28106,MO,Putnam,40.49,-92.69
28110,MO,Linn,39.95,-92.88
28120,MO,Iron,37.35,-90.69
28125,MO,Reynolds,37.53,-90.93
28127,MO,Ste Genevieve,38.01,-90.21
28132,MO,Wayne,37.29,-90.27
28138,MO,Madison,37.56,-90.29
28147,MO,Bollinger,37.41,-90.06
28156,MO,Cape Girardeau,37.3,-89.55
28159,MO,Stoddard,37.1,-89.91
28160,MO,Perry,37.63,-89.58
28162,MO,Scott,37.09,-89.56
28199,MO,Mississippi,36.82,-89.32
28200,MO,Dunklin,36.05,-90.24
28205,MO,Pemiscot,36.17,-89.82
28207,MO,New Madrid,36.75,-89.68
28245,MO,Butler,36.76,-90.4
28247,MO,Ripley,36.64,-90.96
28253,MO,Carter,36.93,-90.74
28278,MO,Lafayette,39.09,-93.54
28279,MO,Jackson,38.91,-94.38
28281,MO,Cass,38.81,-94.53
28286,MO,Ray,39.2,-94.01
28287,MO,Platte,39.45,-94.74
28288,MO,Johnson,38.74,-93.84
28292,MO,Clay,39.35,-94.23
28422,MO,Buchanan,39.65,-94.74
28423,MO,Gentry,40.24,-94.33
28424,MO,Worth,40.48,-94.28
28425,MO,Andrew,39.88,-94.89
28426,MO,Dekalb,39.86,-94.43
28427,MO,Nodaway,40.17,-94.82
28428,MO,Harrison,40.26,-94.02
28432,MO,Clinton,39.74,-94.23
28439,MO,Holt,40.19,-95.37
28448,MO,Atchison,40.33,-95.39
28501,MO,Livingston,39.79,-93.55
28502,MO,Daviess,39.88,-94.08
28503,MO,Carroll,39.45,-93.52
28505,MO,Caldwell,39.59,-93.79
28510,MO,Mercer,40.44,-93.77
28518,MO,Grundy,40.12,-93.38
28537,MO,Chariton,39.59,-93.13
28557,MO,Bates,38.39,-94.35
28560,MO,St Clair,38.19,-94.03
28562,MO,Henry,38.55,-93.95
28563,MO,Vernon,37.69,-94.46
28574,MO,Cedar,37.86,-94.01
28578,MO,Barton,37.39,-94.09
28581,MO,Jasper,37.33,-94.3
28602,MO,St. Clair,37.98,-93.66
28607,MO,Newton,37.08,-94.5
28609,MO,McDonald,36.65,-94.44
28621,MO,Lawrence,37.14,-94.06
28642,MO,Barry,36.76,-94.05
28645,MO,Osage,38.29,-92.02
28646,MO,Boone,38.77,-92.25
28647,MO,Morgan,38.37,-92.67
28648,MO,Maries,38.28,-91.72
28651,MO,Miller,38.08,-92.48
28652,MO,Moniteau,38.63,-92.56
28653,MO,Camden,38,-92.74
28654,MO,Cole,38.61,-92.4
28688,MO,Cooper,38.81,-92.58
28724,MO,Howard,39.26,-92.7
28730,MO,Randolph,39.51,-92.44
28743,MO,Monroe,39.49,-92.13
28766,MO,Pettis,38.7,-93.23
28769,MO,Saline,39.07,-92.94
28774,MO,Benton,38.45,-93.2
28798,MO,Phelps,37.94,-91.76
28802,MO,Shannon,36.99,-91.49
28804,MO,Dent,37.64,-91.18
28807,MO,Texas,37.34,-92.01
28810,MO,Pulaski,37.94,-92.26
28817,MO,Laclede,37.82,-92.74
28837,MO,Howell,36.99,-91.69
28858,MO,Dallas,37.61,-92.9
28860,MO,Polk,37.54,-93.55
28861,MO,Dade,37.54,-93.87
28862,MO,Greene,37.31,-93.58
28864,MO,Oregon,36.69,-91.39
28866,MO,Douglas,36.95,-92.66
28867,MO,Ozark,36.52,-92.14
28868,MO,Christian,37.06,-93.55
28869,MO,Stone,36.49,-93.39
28872,MO,Taney,36.78,-92.9
28890,MO,Hickory,38.02,-93.22
28892,MO,Webster,37.17,-92.85
28911,MO,Wright,37.31,-92.28
29028,KS,Atchison,39.56,-95.13
29029,KS,Douglas,38.77,-95.18
29030,KS,Leavenworth,39.12,-94.92
29031,KS,Doniphan,39.7,-95.17
29032,KS,Linn,38.08,-95
29033,KS,Wyandotte,39.05,-94.88
29034,KS,Johnson,38.71,-94.71
29036,KS,Anderson,38.07,-95.36
29046,KS,Miami,38.42,-94.83
29057,KS,Franklin,38.44,-95.08
29069,KS,Jefferson,39.2,-95.22
29152,KS,Wabaunsee,39.01,-96.28
29153,KS,Shawnee,38.9,-95.81
29154,KS,Marshall,39.87,-96.25
29155,KS,Nemaha,39.84,-96.18
29157,KS,Pottawatomie,39.21,-96.17
29162,KS,Osage,38.75,-95.83
29165,KS,Jackson,39.5,-95.85
29172,KS,Brown,39.67,-95.42
29185,KS,Geary,39.02,-96.84
29187,KS,Riley,39.36,-96.85
29269,KS,Bourbon,37.83,-94.7
29270,KS,Wilson,37.52,-95.66
29271,KS,Crawford,37.64,-94.62
29273,KS,Cherokee,37.02,-94.73
29277,KS,Neosho,37.67,-95.48
29281,KS,Allen,37.79,-95.14
29301,KS,Woodson,38,-95.55
29302,KS,Elk,37.56,-95.93
29322,KS,Lyon,38.41,-96.19
29327,KS,Morris,38.57,-96.83
29328,KS,Coffey,38.19,-95.74
29329,KS,Marion,38.08,-96.88
29330,KS,Butler,38.03,-96.63
29331,KS,Chase,38.25,-96.82
29338,KS,Greenwood,37.98,-96.16
29358,KS,Cloud,39.57,-97.66
29359,KS,Republic,39.7,-97.43
29360,KS,Smith,39.76,-98.91
29361,KS,Washington,39.71,-96.87
29363,KS,Jewell,39.87,-98.3
29392,KS,Sedgwick,37.79,-97.62
29394,KS,Harper,37.15,-98.02
29395,KS,Sumner,37.26,-97.76
29396,KS,Cowley,37.06,-97.04
29406,KS,Harvey,38.02,-97.67
29407,KS,Pratt,37.78,-98.86
29410,KS,Chautauqua,37.1,-96.5
29414,KS,Comanche,37.25,-99.33
29417,KS,Kingman,37.64,-98.43
29431,KS,Kiowa,37.6,-99.29
29434,KS,Barber,37.01,-98.64
29456,KS,McPherson,38.2,-97.51
29525,KS,Montgomery,37.23,-95.71
29526,KS,Labette,37.19,-95.29
29552,KS,Saline,38.81,-97.61
29554,KS,Dickinson,38.92,-97.22
29557,KS,Lincoln,39.18,-98.04
29558,KS,Mitchell,39.46,-98.1
29559,KS,Ottawa,39.03,-97.59
29562,KS,Rice,38.51,-98.39
29566,KS,Clay,39.37,-97.12
29568,KS,Osborne,39.5,-98.54
29570,KS,Ellsworth,38.73,-98.22
29610,KS,Reno,38.06,-97.91
29615,KS,Barton,38.45,-99.01
29617,KS,Rush,38.46,-99.55
29619,KS,Ness,38.63,-100.04
29622,KS,Edwards,37.95,-99.09
29626,KS,Pawnee,38.19,-99.52
29634,KS,Stafford,38.1,-98.66
29665,KS,Ellis,38.87,-99.31
29666,KS,Phillips,39.76,-99.11
29667,KS,Norton,39.89,-99.7
29669,KS,Graham,39.35,-99.68
29670,KS,Russell,38.87,-98.7
29674,KS,Trego,39.03,-100.11
29675,KS,Rooks,39.31,-99.58
29677,KS,Decatur,39.62,-100.42
29710,KS,Thomas,39.38,-101.04
29711,KS,Rawlins,39.81,-101.04
29712,KS,Cheyenne,39.74,-101.53
29714,KS,Sherman,39.33,-101.54
29717,KS,Gove,38.95,-100.49
29721,KS,Sheridan,39.35,-100.43
29726,KS,Logan,39.1,-101
29734,KS,Wallace,38.89,-101.75
29738,KS,Ford,37.75,-100.01
29739,KS,Clark,37.18,-99.76
29741,KS,Gray,37.8,-100.34
29742,KS,Hamilton,38.04,-102
29744,KS,Kearny,37.98,-101.13
29745,KS,Lane,38.48,-100.46
29750,KS,Meade,37.38,-100.19
29751,KS,Finney,37.97,-100.86
29752,KS,Hodgeman,38.12,-99.71
29757,KS,Stanton,37.57,-101.75
29759,KS,Seward,37.2,-100.7
29761,KS,Wichita,38.48,-101.35
29763,KS,Scott,38.49,-101.21
29769,KS,Haskell,37.43,-100.98
29774,KS,Greeley,38.47,-101.75
29775,KS,Grant,37.57,-101.35
29779,KS,Morton,37,-101.89
29780,KS,Stevens,37.17,-101.34
29784,NE,Butler,41.33,-96.94
29785,NE,Washington,41.45,-96.35
29786,NE,Saunders,41.04,-96.37
29787,NE,Cuming,42.01,-96.57
29788,NE,Sarpy,41.15,-95.92
29789,NE,Douglas,41.36,-96.15
29795,NE,Cass,41.04,-96.09
29798,NE,Burt,41.78,-96.36
29802,NE,Dodge,41.44,-96.49
29806,NE,Dakota,42.32,-96.49
29813,NE,Thurston,42.11,-96.36
29895,NE,Gage,40.45,-96.51
29896,NE,Thayer,40.24,-97.38
29898,NE,Nemaha,40.38,-95.84
29902,NE,Seward,40.77,-97.28
29905,NE,York,41,-97.6
29906,NE,Lancaster,40.68,-96.5
29912,NE,Pawnee,40.14,-96.34
29913,NE,Otoe,40.53,-96.29
29918,NE,Johnson,40.51,-96.16
29922,NE,Saline,40.62,-96.95
29925,NE,Richardson,40.13,-95.82
29926,NE,Jefferson,40.32,-97.29
29939,NE,Fillmore,40.64,-97.44
30006,NE,Clay,40.39,-97.83
30049,NE,Platte,41.43,-97.35
30051,NE,Boone,41.68,-98
30053,NE,Wheeler,41.88,-98.55
30054,NE,Nance,41.47,-98.06
30058,NE,Merrick,41.21,-97.83
30059,NE,Colfax,41.72,-97.12
30065,NE,Antelope,41.98,-98.08
30076,NE,Polk,41.17,-97.54
30088,NE,Greeley,41.68,-98.36
30092,NE,Madison,42.03,-97.41
30094,NE,Dixon,42.41,-96.84
30095,NE,Holt,42.23,-98.96
30097,NE,Rock,42.58,-99.53
30100,NE,Cedar,42.41,-97.2
30101,NE,Knox,42.59,-97.64
30102,NE,Boyd,42.83,-98.58
30105,NE,Wayne,42.27,-97.19
30119,NE,Pierce,42.1,-97.45
30132,NE,Keya Paha,42.94,-99.4
30145,NE,Stanton,42,-97.05
30167,NE,Hall,40.92,-98.36
30171,NE,Buffalo,40.83,-99.26
30172,NE,Custer,41.61,-99.86
30174,NE,Valley,41.42,-99.12
30176,NE,Sherman,41.24,-98.79
30177,NE,Hamilton,40.86,-98
30178,NE,Howard,41.07,-98.71
30179,NE,Blaine,41.93,-99.86
30181,NE,Garfield,41.78,-99.13
30190,NE,Dawson,41.01,-99.62
30229,NE,Loup,41.76,-99.38
30233,NE,Adams,40.58,-98.39
30235,NE,Harlan,40.1,-99.36
30236,NE,Furnas,40.3,-99.89
30237,NE,Phelps,40.36,-99.47
30238,NE,Kearney,40.47,-99.12
30242,NE,Webster,40.32,-98.59
30243,NE,Franklin,40.09,-99.03
30250,NE,Gosper,40.58,-99.86
30256,NE,Nuckolls,40.01,-97.92
30290,NE,Red Willow,40.2,-100.62
30292,NE,Dundy,40.05,-101.53
30294,NE,Chase,40.46,-101.71
30295,NE,Hitchcock,40.22,-100.83
30296,NE,Frontier,40.63,-100.51
30302,NE,Hayes,40.51,-101.02
30316,NE,Lincoln,41.13,-100.77
30319,NE,Arthur,41.57,-101.69
30320,NE,Deuel,41.06,-102.07
30322,NE,Morrill,41.59,-102.85
30323,NE,Keith,41.09,-101.88
30324,NE,Kimball,41.23,-103.89
30327,NE,Cheyenne,41.4,-102.97
30330,NE,Perkins,40.84,-101.38
30331,NE,Cherry,42.16,-100.18
30335,NE,Thomas,41.9,-100.26
30340,NE,Garden,41.33,-102.14
30345,NE,Hooker,42.04,-101.04
30354,NE,Logan,41.47,-100.51
30357,NE,McPherson,41.55,-100.94
30364,NE,Brown,42.54,-99.85
30374,NE,Box Butte,42.1,-102.87
30376,NE,Grant,42.02,-101.93
30378,NE,Sheridan,42.01,-102.06
30380,NE,Dawes,42.82,-103
30383,NE,Scotts Bluff,41.82,-103.66
30385,NE,Banner,41.55,-103.74
30386,NE,Sioux,42.68,-103.88
30404,LA,Jefferson Parish,29.99,-90.17
30413,LA,St Charles Parish,29.8,-90.48
30415,LA,St Bernard Parish,29.95,-89.99
30418,LA,Plaquemines Parish,29.84,-90
30426,LA,St John the Baptist Parish,30.02,-90.55
30429,LA,St James Parish,30.05,-90.69
30444,LA,St. John the Baptist Parish,30.12,-90.46
30451,LA,St. Charles Parish,29.97,-90.38
30468,LA,Orleans Parish,30.06,-89.93
30531,LA,Lafourche Parish,29.79,-90.82
30534,LA,Assumption Parish,29.95,-91.2
30535,LA,St Mary Parish,29.66,-91.1
30538,LA,Terrebonne Parish,29.55,-90.61
30541,LA,Ascension Parish,30.09,-90.99
30561,LA,St. Mary Parish,29.7,-91.19
30569,LA,Tangipahoa Parish,30.5,-90.46
30573,LA,St Tammany Parish,30.47,-90.03
30576,LA,Washington Parish,30.96,-89.81
30581,LA,St. Tammany Parish,30.47,-90.11
30586,LA,St Helena Parish,30.82,-90.67
30594,LA,Livingston Parish,30.25,-90.66
30616,LA,Lafayette Parish,30.22,-92.01
30626,LA,Vermilion Parish,29.97,-92.12
30628,LA,St Landry Parish,30.4,-91.93
30629,LA,Iberia Parish,29.9,-91.91
30631,LA,Evangeline Parish,30.48,-92.6
30632,LA,Acadia Parish,30.34,-92.26
30633,LA,St Martin Parish,30.27,-91.9
30647,LA,Jefferson Davis Parish,30.48,-92.69
30674,LA,St. Landry Parish,30.52,-92.08
30693,LA,Calcasieu Parish,30.21,-93.2
30705,LA,Cameron Parish,29.79,-93.29
30708,LA,Beauregard Parish,30.77,-93.24
30710,LA,Allen Parish,30.86,-92.79
30711,LA,Vernon Parish,30.98,-93.5
30737,LA,East Baton Rouge Parish,30.58,-91.15
30740,LA,West Baton Rouge Parish,30.35,-91.26
30742,LA,West Feliciana Parish,30.96,-91.6
30744,LA,Pointe Coupee Parish,30.84,-91.66
30747,LA,Iberville Parish,30.22,-91.1
30748,LA,East Feliciana Parish,30.86,-91.01
30764,LA,St. James Parish,30.03,-90.75
30790,AR,Lonoke,34.96,-92.02
30848,LA,Bienville Parish,32.55,-92.92
30849,LA,Natchitoches Parish,32.11,-93.11
30850,LA,Claiborne Parish,32.65,-93.02
30851,LA,Caddo Parish,32.75,-93.83
30852,LA,Bossier Parish,32.69,-93.74
30857,LA,Webster Parish,32.81,-93.42
30858,LA,Red River Parish,32.02,-93.34
30862,LA,De Soto Parish,32.23,-93.67
30890,LA,Sabine Parish,31.81,-93.51
30945,LA,Ouachita Parish,32.51,-92.08
30956,LA,Richland Parish,32.36,-91.73
30957,LA,Franklin Parish,32.25,-91.74
30958,LA,Morehouse Parish,32.77,-91.9
30960,LA,Union Parish,32.82,-92.65
30963,LA,Jackson Parish,32.3,-92.45
30964,LA,Lincoln Parish,32.53,-92.51
30968,LA,Madison Parish,32.32,-90.92
30971,LA,West Carroll Parish,32.6,-91.47
30982,LA,Chicot,32.99,-91.31
30983,LA,East Carroll Parish,32.81,-91.18
31009,LA,Rapides Parish,31.29,-92.46
31016,LA,Concordia Parish,31.25,-91.76
31017,LA,Avoyelles Parish,31.1,-91.9
31022,LA,Tensas Parish,31.72,-91.53
31032,LA,Catahoula Parish,31.76,-91.82
31034,LA,La Salle Parish,31.68,-92.12
31064,LA,Winn Parish,31.8,-92.73
31067,LA,Grant Parish,31.48,-92.5
31072,LA,Caldwell Parish,32.02,-92.13
31130,AR,Jefferson,34.21,-92.01
31136,AR,Desha,33.6,-91.2
31137,AR,Bradley,33.57,-92.26
31138,AR,Ashley,33.12,-91.96
31139,AR,Chicot,33.52,-91.43
31143,AR,Lincoln,33.98,-91.56
31148,AR,Cleveland,33.86,-92.29
31151,AR,Drew,33.62,-91.79
31170,AR,Ouachita,33.56,-92.84
31173,AR,Clark,33.85,-93.19
31174,AR,Nevada,33.71,-93.13
31175,AR,Union,33.32,-92.53
31176,AR,Dallas,34.07,-92.55
31181,AR,Columbia,33.09,-93.19
31184,AR,Calhoun,33.53,-92.46
31204,AR,Hempstead,33.66,-93.59
31206,AR,Little River,33.66,-94.14
31208,AR,Sevier,33.83,-94.11
31210,AR,Lafayette,33.09,-93.65
31215,AR,Howard,34.12,-94.01
31216,AR,Miller,33.11,-93.95
31243,AR,Garland,34.5,-93.05
31246,AR,Saline,34.66,-93
31253,AR,Pike,34.03,-93.42
31255,AR,Hot Spring,34.33,-93.19
31256,AR,Polk,34.54,-94.1
31258,AR,Montgomery,34.41,-93.64
31289,AR,Perry,35.04,-92.89
31291,AR,Arkansas,34.4,-91.41
31293,AR,Jackson,35.56,-91.11
31294,AR,Woodruff,35.28,-91.36
31296,AR,White,35.3,-91.57
31299,AR,Van Buren,35.42,-92.41
31303,AR,Prairie,34.83,-91.53
31307,AR,Monroe,34.88,-91.18
31311,AR,Conway,35.4,-92.56
31316,AR,Faulkner,35.08,-92.45
31328,AR,Cleburne,35.64,-92.19
31333,AR,Stone,35.76,-92.3
31335,AR,Pulaski,34.65,-92.24
31337,AR,Grant,34.11,-92.3
31419,AR,Independence,35.55,-91.46
31462,AR,Crittenden,35.14,-90.18
31464,AR,Mississippi,35.91,-89.74
31465,AR,Lee,34.71,-90.89
31466,AR,Phillips,34.59,-90.79
31473,AR,St Francis,35.07,-90.81
31474,AR,Cross,35.4,-90.75
31485,AR,St. Francis,35.01,-90.78
31498,AR,Poinsett,35.6,-90.33
31527,AR,Craighead,35.82,-90.68
31531,AR,Lawrence,35.89,-91.08
31533,AR,Greene,36.16,-90.61
31534,AR,Randolph,36.33,-90.8
31541,AR,Clay,36.41,-90.58
31574,AR,Sharp,36.23,-91.25
31595,AR,Izard,36.22,-91.74
31597,AR,Fulton,36.3,-91.97
31611,AR,Baxter,36.31,-92.09
31652,AR,Boone,36.24,-93.11
31654,AR,Carroll,36.29,-93.29
31659,AR,Marion,36.37,-92.58
31661,AR,Newton,36.08,-93.3
31671,AR,Searcy,35.99,-92.71
31699,AR,Pope,35.69,-92.86
31706,AR,Washington,36.07,-94.15
31710,AR,Benton,36.39,-94.07
31718,AR,Madison,35.81,-93.83
31761,AR,Franklin,35.42,-93.72
31764,AR,Yell,35.09,-93.44
31765,AR,Logan,35.13,-93.71
31769,AR,Johnson,35.45,-93.47
31778,AR,Scott,34.86,-93.76
31795,AR,Sebastian,35.36,-94.38
31808,AR,Crawford,35.48,-94.22
31838,OK,Caddo,35.23,-98.4
31839,OK,Grady,34.92,-97.77
31840,OK,Oklahoma,35.67,-97.41
31847,OK,McClain,35.14,-97.65
31851,OK,Canadian,35.6,-98.12
31853,OK,Kingfisher,35.8,-97.67
31856,OK,Cleveland,35.22,-97.34
31858,OK,Washita,35.34,-98.67
31864,OK,Logan,35.95,-97.23
31867,OK,Murray,34.48,-97.13
31875,OK,Blaine,35.62,-98.31
31876,OK,Kiowa,35.07,-98.87
31886,OK,Garvin,34.83,-97.6
31889,OK,Stephens,34.63,-97.96
31894,OK,Noble,36.29,-97.01
31924,OK,Custer,35.53,-98.68
32007,TX,Travis,30.26,-97.74
32009,OK,Carter,34.19,-97.11
32013,OK,Love,33.9,-97.28
32014,OK,Johnston,34.27,-96.42
32021,OK,Marshall,34,-96.72
32030,OK,Bryan,34,-96.51
32036,OK,Jefferson,34.17,-97.59
32046,OK,Comanche,34.6,-98.42
32053,OK,Jackson,34.64,-99.31
32058,OK,Tillman,34.42,-98.65
32061,OK,Cotton,34.19,-98.58
32073,OK,Harmon,34.66,-99.77
32075,OK,Greer,34.96,-99.37
32107,OK,Beckham,35.21,-99.5
32108,OK,Roger Mills,35.61,-99.67
32116,OK,Dewey,35.82,-98.65
32135,OK,Garfield,36.4,-97.86
32140,OK,Alfalfa,36.5,-98.44
32141,OK,Woods,36.8,-98.66
32142,OK,Major,36.24,-98.18
32173,OK,Grant,36.99,-98.03
32186,OK,Woodward,36.42,-99.4
32188,OK,Ellis,36.13,-99.77
32189,OK,Harper,36.83,-99.62
32196,OK,Beaver,36.85,-100.05
32206,OK,Texas,36.75,-101.08
32209,OK,Cimarron,36.73,-102.51
32221,OK,Osage,36.48,-96.06
32224,OK,Washington,36.73,-95.94
32227,OK,Tulsa,35.94,-95.87
32228,OK,Creek,35.83,-96.39
32231,OK,Wagoner,36.03,-95.78
32233,OK,Rogers,36.18,-95.76
32238,OK,Pawnee,36.29,-96.46
32241,OK,Payne,35.97,-96.76
32242,OK,Lincoln,35.7,-96.76
32243,OK,Nowata,36.77,-95.64
32352,OK,Craig,36.64,-95.15
32353,OK,Mayes,36.43,-95.26
32354,OK,Delaware,36.69,-94.96
32357,OK,Ottawa,36.97,-94.85
32386,OK,Muskogee,35.74,-95.35
32389,OK,Okmulgee,35.78,-96.02
32392,OK,Pittsburg,35.17,-95.64
32393,OK,McIntosh,35.47,-95.52
32394,OK,Cherokee,35.7,-94.97
32401,OK,Sequoyah,35.54,-95.11
32406,OK,Haskell,35.28,-95.3
32419,OK,Adair,35.97,-94.78
32437,OK,Pushmataha,34.66,-95.09
32440,OK,Atoka,34.38,-96.13
32444,OK,Hughes,34.96,-96.25
32446,OK,Coal,34.6,-96.34
32453,OK,Latimer,34.87,-95.47
32473,OK,Le Flore,34.75,-95.04
32479,OK,Kay,36.72,-97.06
32502,OK,McCurtain,34.4,-94.93
32506,OK,Choctaw,34.02,-95.86
32534,OK,Pottawatomie,35.33,-96.91
32537,OK,Seminole,35.23,-96.64
32538,OK,Pontotoc,34.77,-96.66
32544,OK,Okfuskee,35.49,-96.47
32616,TX,Dallas,32.96,-96.83
32617,TX,Collin,33.1,-96.66
32619,TX,Denton,32.98,-96.89
32629,TX,Grayson,33.75,-96.56
32640,TX,Rockwall,32.92,-96.45
32661,TX,Tarrant,32.69,-97.01
32697,TX,Ellis,32.26,-96.69
32698,TX,Navarro,32.09,-96.63
32699,TX,Van Zandt,32.54,-95.86
32705,TX,Kaufman,32.63,-96.45
32714,TX,Henderson,32.3,-96.01
32720,TX,Hunt,33.06,-96.22
32886,TX,Wood,32.79,-95.63
32887,TX,Lamar,33.84,-95.46
32888,TX,Red River,33.82,-95.14
32889,TX,Fannin,33.43,-96.16
32891,TX,Delta,33.47,-95.77
32895,TX,Hopkins,33.11,-95.72
32913,TX,Rains,32.87,-95.76
32923,TX,Camp,32.96,-95.1
32927,TX,Titus,33.16,-94.97
32929,TX,Franklin,33.17,-95.22
32964,TX,Bowie,33.44,-94.07
32970,TX,Cass,33.11,-94.16
32980,TX,Marion,32.86,-94.3
32987,TX,Morris,33.17,-94.74
32992,TX,Gregg,32.51,-94.76
33002,TX,Panola,32.24,-94.45
33008,TX,Upshur,32.69,-94.66
33009,TX,Rusk,32.38,-94.59
33010,TX,Harrison,32.44,-94.2
33049,TX,Smith,32.32,-95.3
33068,TX,Cherokee,32.14,-95.31
33071,TX,Nacogdoches,31.81,-94.84
33073,TX,Anderson,32.05,-95.5
33099,TX,Leon,31.46,-96.06
33102,TX,Trinity,31.26,-94.97
33103,TX,Houston,31.31,-95.45
33104,TX,Freestone,31.47,-96.24
33115,TX,Madison,31.02,-95.75
33129,TX,Angelina,31.33,-94.72
33136,TX,Newton,30.68,-93.75
33137,TX,San Augustine,31.3,-94.26
33138,TX,Sabine,31.34,-94
33139,TX,Jasper,31.09,-93.97
33142,TX,Polk,30.95,-94.71
33143,TX,Shelby,31.79,-94.17
33144,TX,Tyler,30.92,-94.6
33186,TX,Parker,32.69,-97.6
33187,TX,Johnson,32.41,-97.21
33201,TX,Wise,33.08,-97.56
33206,TX,Hood,32.53,-97.65
33211,TX,Somervell,32.23,-97.75
33220,TX,Hill,32.15,-97.14
33229,TX,Palo Pinto,32.82,-98.07
33322,TX,Clay,33.63,-98.01
33323,TX,Montague,33.55,-97.84
33326,TX,Cooke,33.49,-97.3
33356,TX,Wichita,33.89,-98.51
33365,TX,Archer,33.59,-98.62
33370,TX,Knox,33.46,-99.52
33371,TX,Wilbarger,34.08,-99.03
33378,TX,Young,33.19,-98.74
33383,TX,Baylor,33.59,-99.25
33386,TX,Haskell,33.32,-99.67
33388,TX,Erath,32.21,-98.21
33390,TX,Stephens,32.75,-98.91
33392,TX,Jack,33.15,-98.38
33394,TX,Shackelford,32.72,-99.29
33396,TX,Brown,31.82,-98.78
33398,TX,Eastland,32.26,-98.82
33399,TX,Hamilton,31.9,-98.13
33402,TX,Comanche,31.89,-98.6
33403,TX,Callahan,32.12,-99.16
33434,TX,Throckmorton,33.18,-99.17
33441,TX,Bell,31.09,-97.36
33449,TX,Milam,30.87,-97.12
33452,TX,Coryell,31.11,-97.9
33454,TX,Falls,31.35,-97.3
33457,TX,Williamson,30.83,-97.79
33465,TX,Lampasas,31.07,-98
33479,TX,McLennan,31.3,-97.36
33506,TX,Robertson,31.16,-96.67
33511,TX,Bosque,31.78,-97.58
33512,TX,Limestone,31.75,-96.65
33558,TX,Mclennan,31.56,-97.18
33579,TX,Mason,30.74,-99.1
33580,TX,Runnels,31.74,-99.95
33582,TX,San Saba,31.09,-98.51
33583,TX,McCulloch,31.13,-99.37
33585,TX,Coleman,31.99,-99.22
33586,TX,Llano,30.7,-98.5
33590,TX,Concho,31.21,-99.84
33591,TX,Menard,30.84,-100.06
33593,TX,Mills,31.45,-98.57
33596,TX,Kimble,30.48,-99.77
33624,TX,Tom Green,31.47,-100.25
33636,TX,Irion,31.12,-101.17
33637,TX,Reagan,31.19,-101.45
33638,TX,Coke,31.88,-100.29
33641,TX,Schleicher,30.86,-100.59
33646,TX,Crockett,30.7,-101.2
33649,TX,Sutton,30.57,-100.64
33650,TX,Sterling,31.83,-100.98
33655,TX,Harris,29.76,-95.38
33845,TX,Montgomery,30.32,-95.47
33854,TX,Walker,30.71,-95.54
33857,TX,Liberty,30.34,-95.07
33858,TX,San Jacinto,30.34,-95.07
33889,TX,Grimes,30.3,-95.84
33898,TX,Hardin,30.39,-94.63
33920,TX,Matagorda,28.97,-95.96
33921,TX,Fort Bend,29.58,-95.76
33925,TX,Colorado,29.57,-96.48
33930,TX,Austin,29.94,-96.25
33932,TX,Wharton,29.23,-95.98
33933,TX,Brazoria,29.04,-95.56
33934,TX,Waller,29.78,-95.95
33935,TX,Washington,30.19,-96.21
34009,TX,Galveston,29.38,-95.09
34012,TX,Chambers,29.76,-94.67
34072,TX,Orange,30.02,-93.85
34074,TX,Jefferson,30.05,-94.33
34122,TX,Brazos,30.66,-96.36
34134,TX,Burleson,30.52,-96.7
34145,TX,Lee,30.35,-96.81
34170,TX,Victoria,28.82,-96.98
34175,TX,Refugio,28.39,-96.84
34177,TX,De Witt,29.09,-97.28
34178,TX,Jackson,28.97,-96.64
34179,TX,Goliad,28.69,-97.21
34183,TX,Lavaca,29.44,-96.94
34194,TX,Calhoun,28.67,-96.55
34208,TX,La Salle,28.22,-99.29
34209,TX,Bexar,29.28,-98.73
34210,TX,Bandera,29.72,-99.07
34211,TX,Kendall,29.81,-98.58
34212,TX,Frio,29.05,-98.85
34214,TX,McMullen,28.46,-98.35
34215,TX,Atascosa,28.75,-98.3
34216,TX,Medina,29.34,-98.87
34217,TX,Kerr,29.93,-99.03
34227,TX,Live Oak,28.33,-98.11
34236,TX,Webb,27.53,-99.48
34259,TX,Zapata,27.19,-99.32
34261,TX,Comal,29.86,-98.4
34269,TX,Bee,28.4,-97.74
34272,TX,Guadalupe,29.57,-98.23
34274,TX,Karnes,29.03,-97.75
34277,TX,Wilson,29.13,-98.15
34284,TX,Gonzales,29.39,-97.77
34403,TX,Nueces,27.78,-97.9
34404,TX,Jim Wells,27.75,-98.06
34406,TX,San Patricio,27.9,-97.14
34408,TX,Kenedy,26.82,-97.75
34411,TX,Duval,27.59,-98.4
34420,TX,Brooks,26.93,-98.13
34423,TX,Aransas,28.07,-97.03
34425,TX,Jim Hogg,26.88,-98.88
34428,TX,Kleberg,27.5,-97.86
34491,TX,Hidalgo,26.21,-98.23
34497,TX,Cameron,25.92,-97.48
34503,TX,Starr,26.64,-98.4
34523,TX,Willacy,26.53,-97.88
34559,TX,Bastrop,30.11,-97.3
34561,TX,Burnet,30.74,-98.05
34562,TX,Blanco,30.09,-98.42
34566,TX,Hays,30.08,-97.83
34572,TX,Caldwell,29.87,-97.53
34574,TX,Gillespie,30.47,-99.18
34713,TX,Uvalde,29.21,-99.78
34715,TX,Dimmit,28.44,-99.76
34716,TX,Edwards,29.7,-100.03
34717,TX,Zavala,28.94,-99.61
34719,TX,Kinney,29.31,-100.41
34720,TX,Real,29.66,-100.01
34723,TX,Val Verde,29.68,-101.16
34732,TX,Terrell,30.05,-102.12
34733,TX,Maverick,28.7,-100.49
34750,TX,Fayette,30.14,-96.68
34777,TX,Oldham,35.27,-102.66
34778,TX,Gray,35.21,-100.73
34779,TX,Wheeler,35.6,-100.1
34780,TX,Lipscomb,36.45,-100.54
34781,TX,Hutchinson,35.65,-101.4
34783,TX,Parmer,34.51,-102.88
34786,TX,Potter,35.19,-102.06
34787,TX,Moore,36.04,-102.01
34788,TX,Hemphill,35.91,-100.38
34789,TX,Randall,34.98,-101.92
34791,TX,Hartley,35.68,-102.33
34792,TX,Armstrong,35.1,-101.36
34793,TX,Hale,33.99,-101.99
34794,TX,Dallam,36.06,-102.51
34796,TX,Deaf Smith,34.91,-102.19
34797,TX,Castro,34.54,-102.31
34799,TX,Lamb,34.23,-102.4
34801,TX,Ochiltree,36.32,-100.96
34805,TX,Carson,35.2,-101.1
34806,TX,Hansford,36.25,-101.41
34814,TX,Swisher,34.36,-101.74
34820,TX,Roberts,35.69,-100.64
34831,TX,Collingsworth,35.05,-100.28
34838,TX,Sherman,36.33,-102.07
34851,TX,Hall,34.39,-100.89
34880,TX,Childress,34.42,-100.24
34881,TX,Dickens,33.76,-100.81
34882,TX,Floyd,34.14,-101.52
34883,TX,Cottle,34.22,-100.44
34884,TX,Hardeman,34.25,-99.51
34885,TX,Donley,34.93,-100.89
34886,TX,Foard,33.98,-99.72
34891,TX,Motley,34.22,-100.98
34893,TX,King,33.62,-100.32
34906,TX,Briscoe,34.36,-101.05
34913,TX,Hockley,33.81,-102.16
34914,TX,Cochran,33.61,-103.02
34915,TX,Terry,33.17,-102.27
34916,TX,Bailey,33.86,-102.67
34917,TX,Crosby,33.64,-101.23
34918,TX,Yoakum,32.96,-102.83
34922,TX,Lubbock,33.66,-101.68
34923,TX,Garza,33.04,-101.2
34924,TX,Dawson,32.73,-101.95
34928,TX,Gaines,32.92,-102.42
34935,TX,Lynn,33,-101.82
34987,TX,Jones,32.75,-99.89
34988,TX,Stonewall,33.13,-100.22
34992,TX,Nolan,32.08,-100.31
34993,TX,Taylor,32.28,-99.83
34995,TX,Howard,32.29,-101.3
34996,TX,Mitchell,32.39,-100.85
34997,TX,Scurry,32.57,-100.89
34999,TX,Kent,33.36,-100.66
35011,TX,Fisher,32.79,-100.22
35047,TX,Midland,32.02,-102.1
35059,TX,Andrews,32.32,-102.54
35060,TX,Reeves,30.98,-103.74
35061,TX,Ward,31.46,-103.39
35064,TX,Pecos,31.24,-103.07
35065,TX,Crane,31.39,-102.35
35067,TX,Jeff Davis,30.59,-103.9
35069,TX,Borden,32.77,-101.45
35070,TX,Glasscock,31.87,-101.48
35072,TX,Ector,31.98,-102.61
35076,TX,Winkler,31.85,-103.09
35078,TX,Martin,32.31,-101.88
35079,TX,Upton,31.13,-102.21
35080,TX,Loving,31.71,-103.6
35107,TX,El Paso,31.99,-106.59
35108,TX,Brewster,30.36,-103.66
35114,TX,Hudspeth,31.93,-105.2
35118,TX,Presidio,30.31,-104.02
35121,TX,Culberson,31.74,-105.08
35192,CO,Jefferson,39.82,-105.1
35199,CO,Arapahoe,39.69,-104.81
35200,CO,Adams,39.69,-104.81
35209,CO,Broomfield,39.94,-105.06
35214,CO,Boulder,39.93,-105.27
35233,CO,Elbert,39.47,-103.95
35236,CO,Douglas,39.37,-104.85
35252,CO,Denver,39.59,-105.01
35261,CO,El Paso,39.07,-104.85
35367,CO,Park,39.28,-106.06
35369,CO,Gilpin,39.8,-105.49
35370,CO,Eagle,39.87,-106.7
35371,CO,Summit,39.5,-106.04
35375,CO,Routt,40.7,-106.92
35376,CO,Lake,39.37,-106.18
35377,CO,Jackson,40.57,-106.43
35382,CO,Clear Creek,39.78,-105.6
35387,CO,Grand,39.93,-105.79
35429,CO,Weld,40.17,-105.11
35431,CO,Larimer,40.37,-105.52
35494,CO,Morgan,40.33,-104.12
35502,CO,Washington,40.16,-103.21
35503,CO,Phillips,40.68,-102.17
35504,CO,Logan,40.55,-103.27
35507,CO,Yuma,40.11,-102.48
35516,CO,Sedgwick,40.98,-102.26
35534,CO,Cheyenne,38.85,-102.17
35535,CO,Lincoln,39.28,-103.27
35536,CO,Kit Carson,39.3,-102.42
35542,CO,Teller,38.74,-105.17
35630,CO,Pueblo,38.27,-104.62
35632,CO,Conejos,37.07,-106.01
35644,CO,Las Animas,37.4,-104.65
35645,CO,Kiowa,38.33,-103.33
35651,CO,Baca,37.1,-102.57
35652,CO,Otero,38.1,-103.51
35653,CO,Crowley,38.19,-103.85
35656,CO,Bent,38.1,-103.15
35658,CO,Huerfano,37.78,-105.17
35659,CO,Prowers,38.06,-102.31
35691,CO,Alamosa,37.46,-105.87
35693,CO,Archuleta,37.02,-107.4
35694,CO,La Plata,37.23,-107.59
35695,CO,Costilla,37.43,-105.51
35697,CO,Saguache,37.75,-106.11
35702,CO,Mineral,37.85,-106.92
35704,CO,Rio Grande,37.67,-106.35
35725,CO,Chaffee,38.53,-106
35726,CO,Gunnison,38.67,-106.83
35728,CO,Fremont,38.44,-105.23
35743,CO,Hinsdale,38.07,-107.3
35755,CO,Custer,38.13,-105.46
35761,CO,Dolores,37.65,-108.82
35762,CO,Montezuma,37.35,-108.57
35765,CO,San Miguel,37.92,-108.93
35775,CO,Montrose,38.49,-107.87
35778,CO,Delta,38.78,-107.93
35792,CO,Ouray,38.08,-107.69
35798,CO,San Juan,37.82,-107.64
35801,CO,Mesa,39.08,-108.55
35816,CO,Garfield,39.54,-107.33
35818,CO,Moffat,40.24,-109
35819,CO,Pitkin,39.19,-106.82
35838,CO,Rio Blanco,40.05,-107.89
35854,WY,Laramie,41.14,-104.79
35864,WY,Albany,41.58,-105.69
35882,WY,Park,44.57,-110.51
35883,WY,Platte,42.05,-104.95
35885,WY,Goshen,42.21,-104.51
35893,WY,Niobrara,43.02,-104.64
35895,WY,Converse,42.76,-104.92
35903,WY,Carbon,41.78,-107.22
35904,WY,Fremont,42.48,-107.84
35906,WY,Sweetwater,42.23,-107.55
35917,WY,Washakie,44,-107.95
35918,WY,Big Horn,44.37,-108.04
35928,WY,Hot Springs,43.8,-108.18
35949,WY,Natrona,42.83,-106.32
35962,WY,Johnson,43.7,-106.63
35970,WY,Weston,43.84,-104.21
35971,WY,Crook,44.63,-104.18
35976,WY,Campbell,44.28,-105.51
35988,WY,Sheridan,44.79,-106.95
36004,WY,Sublette,43.2,-110.41
36008,WY,Uinta,41.25,-110.96
36023,WY,Teton,43.47,-110.76
36030,WY,Lincoln,41.78,-110.55
36048,ID,Bannock,42.9,-112.39
36055,ID,Bingham,43.09,-112.84
36056,ID,Power,42.72,-112.99
36058,ID,Butte,43.65,-113.28
36061,ID,Caribou,42.79,-111.91
36063,ID,Bear Lake,42.36,-111.37
36066,ID,Custer,44.65,-114.15
36068,ID,Franklin,42.18,-112.03
36069,ID,Lemhi,45.11,-114.43
36080,ID,Oneida,42.2,-112.67
36105,ID,Twin Falls,42.41,-114.59
36108,ID,Cassia,42.38,-113.6
36110,ID,Blaine,43.39,-114.24
36111,ID,Gooding,43.01,-114.94
36116,ID,Camas,43.35,-114.98
36118,ID,Lincoln,42.87,-114.24
36119,ID,Jerome,42.57,-114.25
36127,ID,Minidoka,42.56,-113.81
36144,ID,Bonneville,43.5,-111.89
36152,ID,Fremont,44.05,-111.32
36154,ID,Teton,43.73,-111.22
36155,ID,Clark,44.22,-112.37
36157,ID,Jefferson,43.98,-112.18
36165,ID,Madison,43.86,-111.42
36190,ID,Nez Perce,46.16,-116.92
36191,ID,Clearwater,46.52,-116.3
36192,ID,Idaho,45.94,-116.52
36193,ID,Lewis,46.23,-116.48
36200,ID,Latah,46.55,-116.74
36218,ID,Elmore,43.8,-115.15
36219,ID,Boise,44.1,-116.13
36220,ID,Owyhee,42.57,-115.85
36221,ID,Canyon,43.66,-116.63
36224,ID,Washington,44.62,-116.7
36225,ID,Valley,44.59,-115.57
36226,ID,Adams,44.89,-116.54
36228,ID,Ada,43.79,-116.38
36229,ID,Gem,43.98,-116.52
36230,ID,Payette,43.96,-116.91
36310,ID,Kootenai,47.96,-116.68
36311,ID,Shoshone,47.17,-115.8
36313,ID,Bonner,48.04,-116.96
36314,ID,Boundary,48.75,-116.51
36328,ID,Benewah,47.12,-116.91
36374,UT,Duchesne,40.43,-110.25
36376,UT,Utah,40.39,-111.78
36379,UT,Salt Lake,40.59,-112.1
36381,UT,Uintah,40.45,-109.53
36382,UT,Davis,40.88,-111.82
36388,UT,Summit,40.88,-111.31
36389,UT,Morgan,41.13,-111.54
36392,UT,Tooele,40.32,-112.79
36393,UT,Daggett,40.91,-109.34
36398,UT,Rich,41.91,-111.25
36401,UT,Wasatch,40.43,-111.19
36435,UT,Weber,41.17,-112.04
36524,UT,Box Elder,41.61,-112.12
36526,UT,Cache,41.82,-111.99
36575,UT,Carbon,39.57,-110.8
36576,UT,San Juan,37.2,-109.29
36579,UT,Emery,39.2,-110.92
36580,UT,Grand,38.97,-109.31
36608,UT,Sevier,38.91,-111.93
36609,UT,Sanpete,39.08,-111.84
36612,UT,Millard,39.29,-112.56
36615,UT,Juab,39.95,-112.17
36650,UT,Kane,37.46,-112.5
36652,UT,Garfield,38.09,-112
36653,UT,Beaver,38.38,-112.66
36654,UT,Iron,37.87,-113.66
36655,UT,Wayne,38.33,-111.55
36662,UT,Washington,37.39,-113.63
36663,UT,Piute,38.18,-112.22
36721,AZ,Maricopa,33.45,-112.06
36803,AZ,Pinal,33.42,-111.54
36815,AZ,Gila,33,-110.78
36942,AZ,Pima,32.15,-112.62
36945,AZ,Yavapai,34.13,-112.13
36946,AZ,La Paz,33.93,-113.86
36953,AZ,Yuma,32.94,-113.34
36980,AZ,Mohave,34.79,-113.37
37011,AZ,Graham,33.07,-110.25
37014,AZ,Greenlee,33.27,-109.27
37034,AZ,Cochise,32.19,-110.38
37042,AZ,Santa Cruz,31.57,-110.54
37142,AZ,Navajo,34.23,-110.07
37146,AZ,Apache,33.83,-109.19
37156,AZ,Coconino,34.42,-110.91
37288,NM,Sandoval,35.38,-106.47
37289,NM,Valencia,34.65,-106.77
37291,NM,Cibola,35.14,-108.23
37292,NM,Socorro,34.47,-106.8
37294,NM,Bernalillo,35.1,-106.37
37295,NM,Torrance,34.37,-105.7
37296,NM,Santa Fe,35.37,-106.14
37298,NM,Rio Arriba,36.16,-106.61
37320,NM,San Juan,36.26,-107.74
37327,NM,McKinley,35.36,-108.04
37394,NM,Mckinley,35.52,-108.73
37443,NM,Taos,36.94,-105.45
37466,NM,San Miguel,35.48,-105.4
37470,NM,Los Alamos,35.89,-106.28
37503,NM,Colfax,36.39,-105.27
37504,NM,Guadalupe,35.2,-105.14
37505,NM,Mora,35.91,-105.24
37515,NM,Harding,36.08,-104.25
37533,NM,Catron,33.88,-108.53
37544,NM,Sierra,33.13,-107.24
37549,NM,Dona Ana,32.75,-107.26
37559,NM,DoÃ±a Ana,32.33,-106.75
37564,NM,Hidalgo,32.02,-108.68
37570,NM,Grant,33.01,-108.28
37577,NM,Luna,31.82,-107.64
37609,NM,Curry,34.41,-103.2
37613,NM,Roosevelt,33.86,-103.11
37614,NM,Lea,33.51,-103.33
37618,NM,De Baca,34.47,-104.23
37620,NM,Quay,34.64,-103.9
37632,NM,Chaves,33.37,-104.52
37635,NM,Eddy,32.84,-104.43
37660,NM,Lincoln,33.64,-105.88
37661,NM,Otero,32.88,-105.95
37694,NM,Union,35.91,-103.15
37791,NV,Clark,36.14,-115.28
37793,NV,Lincoln,37.27,-115.2
37795,NV,Nye,37.09,-116.79
37802,NV,Esmeralda,37.68,-117.93
37933,NV,White Pine,39.42,-115
37934,NV,Lander,39.54,-117.19
37938,NV,Eureka,39.82,-116.19
37942,NV,Washoe,39.28,-119.95
37943,NV,Lyon,39.26,-119.48
37944,NV,Humboldt,41.75,-118.66
37946,NV,Churchill,39.5,-118.29
37950,NV,Douglas,38.75,-119.61
37955,NV,Mineral,38.65,-118.83
37956,NV,Pershing,40.59,-118.06
37977,NV,Storey,39.3,-119.63
38015,NV,Carson City,39.14,-119.71
38026,NV,Elko,40.95,-115.79
38045,CA,Los Angeles,33.97,-118.24
38199,CA,San Diego,32.83,-116.76
38242,CA,Orange,33.84,-118
38409,CA,Ventura,34.18,-118.91
38522,CA,San Bernardino,34.14,-117.61
38554,CA,Riverside,33.99,-117.53
38792,CA,Imperial,32.79,-114.53
38869,CA,Inyo,36.29,-116.45
39151,CA,Santa Barbara,34.43,-119.52
39204,CA,Tulare,35.86,-119.46
39205,CA,Kings,36.31,-119.71
39206,CA,Kern,35.08,-118.79
39212,CA,Fresno,36.19,-120.39
39300,CA,San Luis Obispo,35.25,-120.62
39315,CA,Monterey,35.85,-120.8
39358,CA,Mono,37.87,-118.54
39407,CA,Madera,37.39,-119.73
39425,CA,Merced,37.07,-120.63
39428,CA,Mariposa,37.47,-119.66
39561,CA,San Mateo,37.5,-122.3
39574,CA,Santa Clara,37.36,-122.14
39607,CA,San Francisco,37.77,-122.41
39673,CA,Sacramento,38.58,-121.49
39745,CA,Alameda,37.77,-122.27
39747,CA,Napa,38.18,-122.25
39748,CA,Contra Costa,37.86,-121.64
39753,CA,Solano,38.11,-122.13
39890,CA,Marin,37.97,-122.5
39898,CA,Sonoma,38.33,-122.97
39945,CA,Santa Cruz,36.97,-121.89
39965,CA,San Benito,36.89,-121.24
40062,CA,San Joaquin,37.9,-121.22
40078,CA,Calaveras,38.07,-120.55
40087,CA,Stanislaus,37.96,-120.87
40117,CA,Tuolumne,37.82,-120.25
40202,CA,Mendocino,39.21,-123.69
40211,CA,Lake,38.96,-122.64
40271,CA,Humboldt,40.8,-124.15
40282,CA,Trinity,40.95,-123.43
40284,CA,Del Norte,41.78,-124.16
40313,CA,Siskiyou,41.47,-123.46
40322,CA,Amador,38.43,-120.84
40323,CA,Placer,39,-121.09
40326,CA,Yolo,38.59,-121.54
40334,CA,El Dorado,38.8,-120.88
40364,CA,Sutter,38.89,-121.8
40408,CA,Yuba,39.04,-121.39
40419,CA,Nevada,39.16,-120.95
40490,CA,Sierra,39.46,-120.84
40491,CA,Colusa,39.02,-122.04
40492,CA,Glenn,39.72,-122.14
40493,CA,Butte,39.42,-121.36
40494,CA,Plumas,40,-121.24
40565,CA,Shasta,40.6,-122.46
40568,CA,Modoc,41.15,-120.89
40571,CA,Lassen,41.06,-121.11
40581,CA,Tehama,39.92,-122.28
40663,CA,Alpine,38.73,-119.84
40865,HI,Honolulu,21.38,-157.92
40866,HI,Kauai,22.14,-159.31
40867,HI,Hawaii,19.5,-155.9
40871,HI,Maui,20.91,-156.32
40900,HI,Kalawao,21.19,-156.98
41029,OR,Wasco,44.95,-120.65
41030,OR,Marion,45.23,-122.8
41031,OR,Clackamas,45.25,-122.46
41032,OR,Washington,45.49,-122.8
41037,OR,Multnomah,45.55,-122.27
41040,OR,Hood River,45.61,-121.84
41042,OR,Columbia,46.06,-123.27
41054,OR,Sherman,45.28,-120.73
41096,OR,Yamhill,45.1,-123.23
41097,OR,Clatsop,45.84,-123.86
41100,OR,Tillamook,45.58,-123.81
41204,OR,Polk,45.02,-123.11
41216,OR,Benton,44.62,-123.13
41217,OR,Linn,44.63,-123
41220,OR,Lincoln,44.62,-123.6
41275,OR,Lane,44.06,-123.08
41280,OR,Curry,42.59,-124.01
41281,OR,Coos,43.42,-124.03
41284,OR,Douglas,42.78,-123.12
41296,OR,Klamath,43.47,-121.92
41361,OR,Josephine,42.66,-123.39
41364,OR,Jackson,42.28,-122.9
41394,OR,Lake,42.1,-119.85
41413,OR,Deschutes,44.07,-121.25
41418,OR,Harney,42.17,-118.36
41419,OR,Jefferson,44.7,-120.72
41435,OR,Wheeler,44.66,-119.78
41436,OR,Crook,44.11,-119.79
41445,OR,Umatilla,45.73,-118.79
41447,OR,Gilliam,45.55,-120.32
41449,OR,Baker,44.81,-117.74
41450,OR,Grant,44.7,-118.79
41451,OR,Morrow,45.77,-119.52
41455,OR,Union,45.35,-117.84
41459,OR,Wallowa,45.67,-117.03
41499,OR,Malheur,43.59,-117.1
41515,WA,King,47.3,-122.26
41526,WA,Snohomish,47.84,-122.19
41568,WA,Kitsap,47.65,-122.55
41573,WA,Kittitas,47.42,-121.37
41660,WA,Whatcom,48.7,-122.19
41661,WA,Skagit,48.46,-122.6
41662,WA,San Juan,48.56,-122.8
41675,WA,Island,47.95,-122.41
41729,WA,Pierce,47.15,-122.7
41731,WA,Clallam,48.05,-124.28
41737,WA,Jefferson,47.69,-122.99
41752,WA,Lewis,46.53,-122.14
41762,WA,Thurston,46.82,-122.27
41872,WA,Grays Harbor,46.88,-123.99
41874,WA,Mason,47.37,-122.84
41876,WA,Pacific,46.63,-123.95
41919,WA,Cowlitz,46.36,-123.07
41936,WA,Clark,45.93,-122.44
41937,WA,Klickitat,45.85,-121.28
41944,WA,Skamania,45.79,-121.89
41946,WA,Wahkiakum,46.22,-123.31
41999,WA,Chelan,47.37,-120.35
42000,WA,Douglas,47.49,-120.19
42003,WA,Okanogan,48.15,-119.82
42012,WA,Grant,47.27,-119.59
42045,WA,Yakima,46.71,-120.42
42080,WA,Spokane,47.64,-117.56
42085,WA,Lincoln,47.51,-117.92
42089,WA,Stevens,47.91,-117.8
42092,WA,Whitman,47.16,-117.84
42116,WA,Adams,46.88,-118.15
42117,WA,Ferry,48.99,-118.21
42127,WA,Pend Oreille,48.51,-117.37
42209,WA,Franklin,46.41,-118.9
42211,WA,Benton,46.24,-119.49
42214,WA,Walla Walla,46.22,-118.82
42217,WA,Columbia,46.31,-117.9
42230,WA,Garfield,46.44,-117.54
42245,WA,Asotin,46.08,-117.27
42248,AK,Anchorage Borough,61.22,-149.85
42256,AK,Municipality of Anchorage,61.17,-149.88
42274,AK,Bethel Census Area,60.78,-161.79
42275,AK,Aleutians West Census Area,51.9,-176.67
42277,AK,Lake and Peninsula Borough,56.23,-158.74
42279,AK,Kodiak Island Borough,57.9,-153.04
42282,AK,Aleutians East Borough,54.13,-165.88
42283,AK,Wade Hampton Census Area,62.44,-164.38
42284,AK,Dillingham Census Area,59.24,-158.62
42285,AK,Kenai Peninsula Borough,59.82,-151.59
42287,AK,Yukon-Koyukuk Census Area,62.63,-160.2
42293,AK,Valdez-Cordova Census Area,61.45,-143.15
42328,AK,Bristol Bay Borough,58.75,-156.54
42341,AK,Matanuska-Susitna Borough,61.58,-149.44
42369,AK,Nome Census Area,63.47,-162.11
42398,AK,Yakutat Borough,59.51,-139.71
42406,AK,Fairbanks North Star Borough,64.81,-147.72
42421,AK,North Slope Borough,68.15,-151.71
42427,AK,Northwest Arctic Borough,65.97,-161.13
42428,AK,Denali Borough,63.33,-148.33
42430,AK,Southeast Fairbanks Census Area,64.04,-145.73
42489,AK,Juneau Borough,58.58,-134.77
42490,AK,City and Borough of Juneau,58.3,-134.42
42494,AK,Hoonah-Angoon Borough,57.44,-134.48
42499,AK,Haines Borough,59.16,-135.86
42501,AK,Petersburg Borough,56.79,-134.19
42504,AK,Sitka Borough,56.73,-135
42506,AK,Skagway Borough,59.57,-135.35
42509,AK,Ketchikan Gateway Borough,55.61,-131.58
42510,AK,Prince of Wales-Outer Ketchikan Borough,55.68,-132.19
42520,AK,Wrangell Borough,55.95,-131.96
